<?xml version="1.0" encoding="utf-8"?>
<resources>
<dimen name="dp1">1dp</dimen>
<dimen name="dp2">3dp</dimen>
<dimen name="dp3">4dp</dimen>
<dimen name="dp4">5dp</dimen>
<dimen name="dp5">7dp</dimen>
<dimen name="dp6">8dp</dimen>
<dimen name="dp7">9dp</dimen>
<dimen name="dp8">11dp</dimen>
<dimen name="dp9">12dp</dimen>
<dimen name="dp10">13dp</dimen>
<dimen name="dp11">15dp</dimen>
<dimen name="dp12">16dp</dimen>
<dimen name="dp13">17dp</dimen>
<dimen name="dp14">19dp</dimen>
<dimen name="dp15">20dp</dimen>
<dimen name="dp16">21dp</dimen>
<dimen name="dp17">23dp</dimen>
<dimen name="dp18">24dp</dimen>
<dimen name="dp19">25dp</dimen>
<dimen name="dp20">27dp</dimen>
<dimen name="dp21">28dp</dimen>
<dimen name="dp22">29dp</dimen>
<dimen name="dp23">31dp</dimen>
<dimen name="dp24">32dp</dimen>
<dimen name="dp25">33dp</dimen>
<dimen name="dp26">35dp</dimen>
<dimen name="dp27">36dp</dimen>
<dimen name="dp28">37dp</dimen>
<dimen name="dp29">39dp</dimen>
<dimen name="dp30">40dp</dimen>
<dimen name="dp31">41dp</dimen>
<dimen name="dp32">43dp</dimen>
<dimen name="dp33">44dp</dimen>
<dimen name="dp34">45dp</dimen>
<dimen name="dp35">47dp</dimen>
<dimen name="dp36">48dp</dimen>
<dimen name="dp37">49dp</dimen>
<dimen name="dp38">51dp</dimen>
<dimen name="dp39">52dp</dimen>
<dimen name="dp40">53dp</dimen>
<dimen name="dp41">55dp</dimen>
<dimen name="dp42">56dp</dimen>
<dimen name="dp43">57dp</dimen>
<dimen name="dp44">59dp</dimen>
<dimen name="dp45">60dp</dimen>
<dimen name="dp46">61dp</dimen>
<dimen name="dp47">63dp</dimen>
<dimen name="dp48">64dp</dimen>
<dimen name="dp49">65dp</dimen>
<dimen name="dp50">67dp</dimen>
<dimen name="dp51">68dp</dimen>
<dimen name="dp52">69dp</dimen>
<dimen name="dp53">71dp</dimen>
<dimen name="dp54">72dp</dimen>
<dimen name="dp55">73dp</dimen>
<dimen name="dp56">75dp</dimen>
<dimen name="dp57">76dp</dimen>
<dimen name="dp58">77dp</dimen>
<dimen name="dp59">79dp</dimen>
<dimen name="dp60">80dp</dimen>
<dimen name="dp61">81dp</dimen>
<dimen name="dp62">83dp</dimen>
<dimen name="dp63">84dp</dimen>
<dimen name="dp64">85dp</dimen>
<dimen name="dp65">87dp</dimen>
<dimen name="dp66">88dp</dimen>
<dimen name="dp67">89dp</dimen>
<dimen name="dp68">91dp</dimen>
<dimen name="dp69">92dp</dimen>
<dimen name="dp70">93dp</dimen>
<dimen name="dp71">95dp</dimen>
<dimen name="dp72">96dp</dimen>
<dimen name="dp73">97dp</dimen>
<dimen name="dp74">99dp</dimen>
<dimen name="dp75">100dp</dimen>
<dimen name="dp76">101dp</dimen>
<dimen name="dp77">103dp</dimen>
<dimen name="dp78">104dp</dimen>
<dimen name="dp79">105dp</dimen>
<dimen name="dp80">107dp</dimen>
<dimen name="dp81">108dp</dimen>
<dimen name="dp82">109dp</dimen>
<dimen name="dp83">111dp</dimen>
<dimen name="dp84">112dp</dimen>
<dimen name="dp85">113dp</dimen>
<dimen name="dp86">115dp</dimen>
<dimen name="dp87">116dp</dimen>
<dimen name="dp88">117dp</dimen>
<dimen name="dp89">119dp</dimen>
<dimen name="dp90">120dp</dimen>
<dimen name="dp91">121dp</dimen>
<dimen name="dp92">123dp</dimen>
<dimen name="dp93">124dp</dimen>
<dimen name="dp94">125dp</dimen>
<dimen name="dp95">127dp</dimen>
<dimen name="dp96">128dp</dimen>
<dimen name="dp97">129dp</dimen>
<dimen name="dp98">131dp</dimen>
<dimen name="dp99">132dp</dimen>
<dimen name="dp100">133dp</dimen>
<dimen name="dp101">135dp</dimen>
<dimen name="dp102">136dp</dimen>
<dimen name="dp103">137dp</dimen>
<dimen name="dp104">139dp</dimen>
<dimen name="dp105">140dp</dimen>
<dimen name="dp106">141dp</dimen>
<dimen name="dp107">143dp</dimen>
<dimen name="dp108">144dp</dimen>
<dimen name="dp109">145dp</dimen>
<dimen name="dp110">147dp</dimen>
<dimen name="dp111">148dp</dimen>
<dimen name="dp112">149dp</dimen>
<dimen name="dp113">151dp</dimen>
<dimen name="dp114">152dp</dimen>
<dimen name="dp115">153dp</dimen>
<dimen name="dp116">155dp</dimen>
<dimen name="dp117">156dp</dimen>
<dimen name="dp118">157dp</dimen>
<dimen name="dp119">159dp</dimen>
<dimen name="dp120">160dp</dimen>
<dimen name="dp121">161dp</dimen>
<dimen name="dp122">163dp</dimen>
<dimen name="dp123">164dp</dimen>
<dimen name="dp124">165dp</dimen>
<dimen name="dp125">167dp</dimen>
<dimen name="dp126">168dp</dimen>
<dimen name="dp127">169dp</dimen>
<dimen name="dp128">171dp</dimen>
<dimen name="dp129">172dp</dimen>
<dimen name="dp130">173dp</dimen>
<dimen name="dp131">175dp</dimen>
<dimen name="dp132">176dp</dimen>
<dimen name="dp133">177dp</dimen>
<dimen name="dp134">179dp</dimen>
<dimen name="dp135">180dp</dimen>
<dimen name="dp136">181dp</dimen>
<dimen name="dp137">183dp</dimen>
<dimen name="dp138">184dp</dimen>
<dimen name="dp139">185dp</dimen>
<dimen name="dp140">187dp</dimen>
<dimen name="dp141">188dp</dimen>
<dimen name="dp142">189dp</dimen>
<dimen name="dp143">191dp</dimen>
<dimen name="dp144">192dp</dimen>
<dimen name="dp145">193dp</dimen>
<dimen name="dp146">195dp</dimen>
<dimen name="dp147">196dp</dimen>
<dimen name="dp148">197dp</dimen>
<dimen name="dp149">199dp</dimen>
<dimen name="dp150">200dp</dimen>
<dimen name="dp151">201dp</dimen>
<dimen name="dp152">203dp</dimen>
<dimen name="dp153">204dp</dimen>
<dimen name="dp154">205dp</dimen>
<dimen name="dp155">207dp</dimen>
<dimen name="dp156">208dp</dimen>
<dimen name="dp157">209dp</dimen>
<dimen name="dp158">211dp</dimen>
<dimen name="dp159">212dp</dimen>
<dimen name="dp160">213dp</dimen>
<dimen name="dp161">215dp</dimen>
<dimen name="dp162">216dp</dimen>
<dimen name="dp163">217dp</dimen>
<dimen name="dp164">219dp</dimen>
<dimen name="dp165">220dp</dimen>
<dimen name="dp166">221dp</dimen>
<dimen name="dp167">223dp</dimen>
<dimen name="dp168">224dp</dimen>
<dimen name="dp169">225dp</dimen>
<dimen name="dp170">227dp</dimen>
<dimen name="dp171">228dp</dimen>
<dimen name="dp172">229dp</dimen>
<dimen name="dp173">231dp</dimen>
<dimen name="dp174">232dp</dimen>
<dimen name="dp175">233dp</dimen>
<dimen name="dp176">235dp</dimen>
<dimen name="dp177">236dp</dimen>
<dimen name="dp178">237dp</dimen>
<dimen name="dp179">239dp</dimen>
<dimen name="dp180">240dp</dimen>
<dimen name="dp181">241dp</dimen>
<dimen name="dp182">243dp</dimen>
<dimen name="dp183">244dp</dimen>
<dimen name="dp184">245dp</dimen>
<dimen name="dp185">247dp</dimen>
<dimen name="dp186">248dp</dimen>
<dimen name="dp187">249dp</dimen>
<dimen name="dp188">251dp</dimen>
<dimen name="dp189">252dp</dimen>
<dimen name="dp190">253dp</dimen>
<dimen name="dp191">255dp</dimen>
<dimen name="dp192">256dp</dimen>
<dimen name="dp193">257dp</dimen>
<dimen name="dp194">259dp</dimen>
<dimen name="dp195">260dp</dimen>
<dimen name="dp196">261dp</dimen>
<dimen name="dp197">263dp</dimen>
<dimen name="dp198">264dp</dimen>
<dimen name="dp199">265dp</dimen>
<dimen name="dp200">267dp</dimen>
<dimen name="dp201">268dp</dimen>
<dimen name="dp202">269dp</dimen>
<dimen name="dp203">271dp</dimen>
<dimen name="dp204">272dp</dimen>
<dimen name="dp205">273dp</dimen>
<dimen name="dp206">275dp</dimen>
<dimen name="dp207">276dp</dimen>
<dimen name="dp208">277dp</dimen>
<dimen name="dp209">279dp</dimen>
<dimen name="dp210">280dp</dimen>
<dimen name="dp211">281dp</dimen>
<dimen name="dp212">283dp</dimen>
<dimen name="dp213">284dp</dimen>
<dimen name="dp214">285dp</dimen>
<dimen name="dp215">287dp</dimen>
<dimen name="dp216">288dp</dimen>
<dimen name="dp217">289dp</dimen>
<dimen name="dp218">291dp</dimen>
<dimen name="dp219">292dp</dimen>
<dimen name="dp220">293dp</dimen>
<dimen name="dp221">295dp</dimen>
<dimen name="dp222">296dp</dimen>
<dimen name="dp223">297dp</dimen>
<dimen name="dp224">299dp</dimen>
<dimen name="dp225">300dp</dimen>
<dimen name="dp226">301dp</dimen>
<dimen name="dp227">303dp</dimen>
<dimen name="dp228">304dp</dimen>
<dimen name="dp229">305dp</dimen>
<dimen name="dp230">307dp</dimen>
<dimen name="dp231">308dp</dimen>
<dimen name="dp232">309dp</dimen>
<dimen name="dp233">311dp</dimen>
<dimen name="dp234">312dp</dimen>
<dimen name="dp235">313dp</dimen>
<dimen name="dp236">315dp</dimen>
<dimen name="dp237">316dp</dimen>
<dimen name="dp238">317dp</dimen>
<dimen name="dp239">319dp</dimen>
<dimen name="dp240">320dp</dimen>
<dimen name="dp241">321dp</dimen>
<dimen name="dp242">323dp</dimen>
<dimen name="dp243">324dp</dimen>
<dimen name="dp244">325dp</dimen>
<dimen name="dp245">327dp</dimen>
<dimen name="dp246">328dp</dimen>
<dimen name="dp247">329dp</dimen>
<dimen name="dp248">331dp</dimen>
<dimen name="dp249">332dp</dimen>
<dimen name="dp250">333dp</dimen>
<dimen name="dp251">335dp</dimen>
<dimen name="dp252">336dp</dimen>
<dimen name="dp253">337dp</dimen>
<dimen name="dp254">339dp</dimen>
<dimen name="dp255">340dp</dimen>
<dimen name="dp256">341dp</dimen>
<dimen name="dp257">343dp</dimen>
<dimen name="dp258">344dp</dimen>
<dimen name="dp259">345dp</dimen>
<dimen name="dp260">347dp</dimen>
<dimen name="dp261">348dp</dimen>
<dimen name="dp262">349dp</dimen>
<dimen name="dp263">351dp</dimen>
<dimen name="dp264">352dp</dimen>
<dimen name="dp265">353dp</dimen>
<dimen name="dp266">355dp</dimen>
<dimen name="dp267">356dp</dimen>
<dimen name="dp268">357dp</dimen>
<dimen name="dp269">359dp</dimen>
<dimen name="dp270">360dp</dimen>
<dimen name="dp271">361dp</dimen>
<dimen name="dp272">363dp</dimen>
<dimen name="dp273">364dp</dimen>
<dimen name="dp274">365dp</dimen>
<dimen name="dp275">367dp</dimen>
<dimen name="dp276">368dp</dimen>
<dimen name="dp277">369dp</dimen>
<dimen name="dp278">371dp</dimen>
<dimen name="dp279">372dp</dimen>
<dimen name="dp280">373dp</dimen>
<dimen name="dp281">375dp</dimen>
<dimen name="dp282">376dp</dimen>
<dimen name="dp283">377dp</dimen>
<dimen name="dp284">379dp</dimen>
<dimen name="dp285">380dp</dimen>
<dimen name="dp286">381dp</dimen>
<dimen name="dp287">383dp</dimen>
<dimen name="dp288">384dp</dimen>
<dimen name="dp289">385dp</dimen>
<dimen name="dp290">387dp</dimen>
<dimen name="dp291">388dp</dimen>
<dimen name="dp292">389dp</dimen>
<dimen name="dp293">391dp</dimen>
<dimen name="dp294">392dp</dimen>
<dimen name="dp295">393dp</dimen>
<dimen name="dp296">395dp</dimen>
<dimen name="dp297">396dp</dimen>
<dimen name="dp298">397dp</dimen>
<dimen name="dp299">399dp</dimen>
<dimen name="dp300">400dp</dimen>
<dimen name="dp301">401dp</dimen>
<dimen name="dp302">403dp</dimen>
<dimen name="dp303">404dp</dimen>
<dimen name="dp304">405dp</dimen>
<dimen name="dp305">407dp</dimen>
<dimen name="dp306">408dp</dimen>
<dimen name="dp307">409dp</dimen>
<dimen name="dp308">411dp</dimen>
<dimen name="dp309">412dp</dimen>
<dimen name="dp310">413dp</dimen>
<dimen name="dp311">415dp</dimen>
<dimen name="dp312">416dp</dimen>
<dimen name="dp313">417dp</dimen>
<dimen name="dp314">419dp</dimen>
<dimen name="dp315">420dp</dimen>
<dimen name="dp316">421dp</dimen>
<dimen name="dp317">423dp</dimen>
<dimen name="dp318">424dp</dimen>
<dimen name="dp319">425dp</dimen>
<dimen name="dp320">427dp</dimen>
<dimen name="dp321">428dp</dimen>
<dimen name="dp322">429dp</dimen>
<dimen name="dp323">431dp</dimen>
<dimen name="dp324">432dp</dimen>
<dimen name="dp325">433dp</dimen>
<dimen name="dp326">435dp</dimen>
<dimen name="dp327">436dp</dimen>
<dimen name="dp328">437dp</dimen>
<dimen name="dp329">439dp</dimen>
<dimen name="dp330">440dp</dimen>
<dimen name="dp331">441dp</dimen>
<dimen name="dp332">443dp</dimen>
<dimen name="dp333">444dp</dimen>
<dimen name="dp334">445dp</dimen>
<dimen name="dp335">447dp</dimen>
<dimen name="dp336">448dp</dimen>
<dimen name="dp337">449dp</dimen>
<dimen name="dp338">451dp</dimen>
<dimen name="dp339">452dp</dimen>
<dimen name="dp340">453dp</dimen>
<dimen name="dp341">455dp</dimen>
<dimen name="dp342">456dp</dimen>
<dimen name="dp343">457dp</dimen>
<dimen name="dp344">459dp</dimen>
<dimen name="dp345">460dp</dimen>
<dimen name="dp346">461dp</dimen>
<dimen name="dp347">463dp</dimen>
<dimen name="dp348">464dp</dimen>
<dimen name="dp349">465dp</dimen>
<dimen name="dp350">467dp</dimen>
<dimen name="dp351">468dp</dimen>
<dimen name="dp352">469dp</dimen>
<dimen name="dp353">471dp</dimen>
<dimen name="dp354">472dp</dimen>
<dimen name="dp355">473dp</dimen>
<dimen name="dp356">475dp</dimen>
<dimen name="dp357">476dp</dimen>
<dimen name="dp358">477dp</dimen>
<dimen name="dp359">479dp</dimen>
<dimen name="dp360">480dp</dimen>
<dimen name="dp361">481dp</dimen>
<dimen name="dp362">483dp</dimen>
<dimen name="dp363">484dp</dimen>
<dimen name="dp364">485dp</dimen>
<dimen name="dp365">487dp</dimen>
<dimen name="dp366">488dp</dimen>
<dimen name="dp367">489dp</dimen>
<dimen name="dp368">491dp</dimen>
<dimen name="dp369">492dp</dimen>
<dimen name="dp370">493dp</dimen>
<dimen name="dp371">495dp</dimen>
<dimen name="dp372">496dp</dimen>
<dimen name="dp373">497dp</dimen>
<dimen name="dp374">499dp</dimen>
<dimen name="dp375">500dp</dimen>
<dimen name="dp376">501dp</dimen>
<dimen name="dp377">503dp</dimen>
<dimen name="dp378">504dp</dimen>
<dimen name="dp379">505dp</dimen>
<dimen name="dp380">507dp</dimen>
<dimen name="dp381">508dp</dimen>
<dimen name="dp382">509dp</dimen>
<dimen name="dp383">511dp</dimen>
<dimen name="dp384">512dp</dimen>
<dimen name="dp385">513dp</dimen>
<dimen name="dp386">515dp</dimen>
<dimen name="dp387">516dp</dimen>
<dimen name="dp388">517dp</dimen>
<dimen name="dp389">519dp</dimen>
<dimen name="dp390">520dp</dimen>
<dimen name="dp391">521dp</dimen>
<dimen name="dp392">523dp</dimen>
<dimen name="dp393">524dp</dimen>
<dimen name="dp394">525dp</dimen>
<dimen name="dp395">527dp</dimen>
<dimen name="dp396">528dp</dimen>
<dimen name="dp397">529dp</dimen>
<dimen name="dp398">531dp</dimen>
<dimen name="dp399">532dp</dimen>
<dimen name="dp400">533dp</dimen>
<dimen name="dp401">535dp</dimen>
<dimen name="dp402">536dp</dimen>
<dimen name="dp403">537dp</dimen>
<dimen name="dp404">539dp</dimen>
<dimen name="dp405">540dp</dimen>
<dimen name="dp406">541dp</dimen>
<dimen name="dp407">543dp</dimen>
<dimen name="dp408">544dp</dimen>
<dimen name="dp409">545dp</dimen>
<dimen name="dp410">547dp</dimen>
<dimen name="dp411">548dp</dimen>
<dimen name="dp412">549dp</dimen>
<dimen name="dp413">551dp</dimen>
<dimen name="dp414">552dp</dimen>
<dimen name="dp415">553dp</dimen>
<dimen name="dp416">555dp</dimen>
<dimen name="dp417">556dp</dimen>
<dimen name="dp418">557dp</dimen>
<dimen name="dp419">559dp</dimen>
<dimen name="dp420">560dp</dimen>
<dimen name="dp421">561dp</dimen>
<dimen name="dp422">563dp</dimen>
<dimen name="dp423">564dp</dimen>
<dimen name="dp424">565dp</dimen>
<dimen name="dp425">567dp</dimen>
<dimen name="dp426">568dp</dimen>
<dimen name="dp427">569dp</dimen>
<dimen name="dp428">571dp</dimen>
<dimen name="dp429">572dp</dimen>
<dimen name="dp430">573dp</dimen>
<dimen name="dp431">575dp</dimen>
<dimen name="dp432">576dp</dimen>
<dimen name="dp433">577dp</dimen>
<dimen name="dp434">579dp</dimen>
<dimen name="dp435">580dp</dimen>
<dimen name="dp436">581dp</dimen>
<dimen name="dp437">583dp</dimen>
<dimen name="dp438">584dp</dimen>
<dimen name="dp439">585dp</dimen>
<dimen name="dp440">587dp</dimen>
<dimen name="dp441">588dp</dimen>
<dimen name="dp442">589dp</dimen>
<dimen name="dp443">591dp</dimen>
<dimen name="dp444">592dp</dimen>
<dimen name="dp445">593dp</dimen>
<dimen name="dp446">595dp</dimen>
<dimen name="dp447">596dp</dimen>
<dimen name="dp448">597dp</dimen>
<dimen name="dp449">599dp</dimen>
<dimen name="dp450">600dp</dimen>
<dimen name="dp451">601dp</dimen>
<dimen name="dp452">603dp</dimen>
<dimen name="dp453">604dp</dimen>
<dimen name="dp454">605dp</dimen>
<dimen name="dp455">607dp</dimen>
<dimen name="dp456">608dp</dimen>
<dimen name="dp457">609dp</dimen>
<dimen name="dp458">611dp</dimen>
<dimen name="dp459">612dp</dimen>
<dimen name="dp460">613dp</dimen>
<dimen name="dp461">615dp</dimen>
<dimen name="dp462">616dp</dimen>
<dimen name="dp463">617dp</dimen>
<dimen name="dp464">619dp</dimen>
<dimen name="dp465">620dp</dimen>
<dimen name="dp466">621dp</dimen>
<dimen name="dp467">623dp</dimen>
<dimen name="dp468">624dp</dimen>
<dimen name="dp469">625dp</dimen>
<dimen name="dp470">627dp</dimen>
<dimen name="dp471">628dp</dimen>
<dimen name="dp472">629dp</dimen>
<dimen name="dp473">631dp</dimen>
<dimen name="dp474">632dp</dimen>
<dimen name="dp475">633dp</dimen>
<dimen name="dp476">635dp</dimen>
<dimen name="dp477">636dp</dimen>
<dimen name="dp478">637dp</dimen>
<dimen name="dp479">639dp</dimen>
<dimen name="dp480">640dp</dimen>
<dimen name="dp481">641dp</dimen>
<dimen name="dp482">643dp</dimen>
<dimen name="dp483">644dp</dimen>
<dimen name="dp484">645dp</dimen>
<dimen name="dp485">647dp</dimen>
<dimen name="dp486">648dp</dimen>
<dimen name="dp487">649dp</dimen>
<dimen name="dp488">651dp</dimen>
<dimen name="dp489">652dp</dimen>
<dimen name="dp490">653dp</dimen>
<dimen name="dp491">655dp</dimen>
<dimen name="dp492">656dp</dimen>
<dimen name="dp493">657dp</dimen>
<dimen name="dp494">659dp</dimen>
<dimen name="dp495">660dp</dimen>
<dimen name="dp496">661dp</dimen>
<dimen name="dp497">663dp</dimen>
<dimen name="dp498">664dp</dimen>
<dimen name="dp499">665dp</dimen>
<dimen name="dp500">667dp</dimen>
<dimen name="dp501">668dp</dimen>
<dimen name="dp502">669dp</dimen>
<dimen name="dp503">671dp</dimen>
<dimen name="dp504">672dp</dimen>
<dimen name="dp505">673dp</dimen>
<dimen name="dp506">675dp</dimen>
<dimen name="dp507">676dp</dimen>
<dimen name="dp508">677dp</dimen>
<dimen name="dp509">679dp</dimen>
<dimen name="dp510">680dp</dimen>
<dimen name="dp511">681dp</dimen>
<dimen name="dp512">683dp</dimen>
<dimen name="dp513">684dp</dimen>
<dimen name="dp514">685dp</dimen>
<dimen name="dp515">687dp</dimen>
<dimen name="dp516">688dp</dimen>
<dimen name="dp517">689dp</dimen>
<dimen name="dp518">691dp</dimen>
<dimen name="dp519">692dp</dimen>
<dimen name="dp520">693dp</dimen>
<dimen name="dp521">695dp</dimen>
<dimen name="dp522">696dp</dimen>
<dimen name="dp523">697dp</dimen>
<dimen name="dp524">699dp</dimen>
<dimen name="dp525">700dp</dimen>
<dimen name="dp526">701dp</dimen>
<dimen name="dp527">703dp</dimen>
<dimen name="dp528">704dp</dimen>
<dimen name="dp529">705dp</dimen>
<dimen name="dp530">707dp</dimen>
<dimen name="dp531">708dp</dimen>
<dimen name="dp532">709dp</dimen>
<dimen name="dp533">711dp</dimen>
<dimen name="dp534">712dp</dimen>
<dimen name="dp535">713dp</dimen>
<dimen name="dp536">715dp</dimen>
<dimen name="dp537">716dp</dimen>
<dimen name="dp538">717dp</dimen>
<dimen name="dp539">719dp</dimen>
<dimen name="dp540">720dp</dimen>
<dimen name="dp541">721dp</dimen>
<dimen name="dp542">723dp</dimen>
<dimen name="dp543">724dp</dimen>
<dimen name="dp544">725dp</dimen>
<dimen name="dp545">727dp</dimen>
<dimen name="dp546">728dp</dimen>
<dimen name="dp547">729dp</dimen>
<dimen name="dp548">731dp</dimen>
<dimen name="dp549">732dp</dimen>
<dimen name="dp550">733dp</dimen>
<dimen name="dp551">735dp</dimen>
<dimen name="dp552">736dp</dimen>
<dimen name="dp553">737dp</dimen>
<dimen name="dp554">739dp</dimen>
<dimen name="dp555">740dp</dimen>
<dimen name="dp556">741dp</dimen>
<dimen name="dp557">743dp</dimen>
<dimen name="dp558">744dp</dimen>
<dimen name="dp559">745dp</dimen>
<dimen name="dp560">747dp</dimen>
<dimen name="dp561">748dp</dimen>
<dimen name="dp562">749dp</dimen>
<dimen name="dp563">751dp</dimen>
<dimen name="dp564">752dp</dimen>
<dimen name="dp565">753dp</dimen>
<dimen name="dp566">755dp</dimen>
<dimen name="dp567">756dp</dimen>
<dimen name="dp568">757dp</dimen>
<dimen name="dp569">759dp</dimen>
<dimen name="dp570">760dp</dimen>
<dimen name="dp571">761dp</dimen>
<dimen name="dp572">763dp</dimen>
<dimen name="dp573">764dp</dimen>
<dimen name="dp574">765dp</dimen>
<dimen name="dp575">767dp</dimen>
<dimen name="dp576">768dp</dimen>
<dimen name="dp577">769dp</dimen>
<dimen name="dp578">771dp</dimen>
<dimen name="dp579">772dp</dimen>
<dimen name="dp580">773dp</dimen>
<dimen name="dp581">775dp</dimen>
<dimen name="dp582">776dp</dimen>
<dimen name="dp583">777dp</dimen>
<dimen name="dp584">779dp</dimen>
<dimen name="dp585">780dp</dimen>
<dimen name="dp586">781dp</dimen>
<dimen name="dp587">783dp</dimen>
<dimen name="dp588">784dp</dimen>
<dimen name="dp589">785dp</dimen>
<dimen name="dp590">787dp</dimen>
<dimen name="dp591">788dp</dimen>
<dimen name="dp592">789dp</dimen>
<dimen name="dp593">791dp</dimen>
<dimen name="dp594">792dp</dimen>
<dimen name="dp595">793dp</dimen>
<dimen name="dp596">795dp</dimen>
<dimen name="dp597">796dp</dimen>
<dimen name="dp598">797dp</dimen>
<dimen name="dp599">799dp</dimen>
<dimen name="dp600">800dp</dimen>
<dimen name="dp601">801dp</dimen>
<dimen name="dp602">803dp</dimen>
<dimen name="dp603">804dp</dimen>
<dimen name="dp604">805dp</dimen>
<dimen name="dp605">807dp</dimen>
<dimen name="dp606">808dp</dimen>
<dimen name="dp607">809dp</dimen>
<dimen name="dp608">811dp</dimen>
<dimen name="dp609">812dp</dimen>
<dimen name="dp610">813dp</dimen>
<dimen name="dp611">815dp</dimen>
<dimen name="dp612">816dp</dimen>
<dimen name="dp613">817dp</dimen>
<dimen name="dp614">819dp</dimen>
<dimen name="dp615">820dp</dimen>
<dimen name="dp616">821dp</dimen>
<dimen name="dp617">823dp</dimen>
<dimen name="dp618">824dp</dimen>
<dimen name="dp619">825dp</dimen>
<dimen name="dp620">827dp</dimen>
<dimen name="dp621">828dp</dimen>
<dimen name="dp622">829dp</dimen>
<dimen name="dp623">831dp</dimen>
<dimen name="dp624">832dp</dimen>
<dimen name="dp625">833dp</dimen>
<dimen name="dp626">835dp</dimen>
<dimen name="dp627">836dp</dimen>
<dimen name="dp628">837dp</dimen>
<dimen name="dp629">839dp</dimen>
<dimen name="dp630">840dp</dimen>
<dimen name="dp631">841dp</dimen>
<dimen name="dp632">843dp</dimen>
<dimen name="dp633">844dp</dimen>
<dimen name="dp634">845dp</dimen>
<dimen name="dp635">847dp</dimen>
<dimen name="dp636">848dp</dimen>
<dimen name="dp637">849dp</dimen>
<dimen name="dp638">851dp</dimen>
<dimen name="dp639">852dp</dimen>
<dimen name="dp640">853dp</dimen>
<dimen name="dp641">855dp</dimen>
<dimen name="dp642">856dp</dimen>
<dimen name="dp643">857dp</dimen>
<dimen name="dp644">859dp</dimen>
<dimen name="dp645">860dp</dimen>
<dimen name="dp646">861dp</dimen>
<dimen name="dp647">863dp</dimen>
<dimen name="dp648">864dp</dimen>
<dimen name="dp649">865dp</dimen>
<dimen name="dp650">867dp</dimen>
<dimen name="dp651">868dp</dimen>
<dimen name="dp652">869dp</dimen>
<dimen name="dp653">871dp</dimen>
<dimen name="dp654">872dp</dimen>
<dimen name="dp655">873dp</dimen>
<dimen name="dp656">875dp</dimen>
<dimen name="dp657">876dp</dimen>
<dimen name="dp658">877dp</dimen>
<dimen name="dp659">879dp</dimen>
<dimen name="dp660">880dp</dimen>
<dimen name="dp661">881dp</dimen>
<dimen name="dp662">883dp</dimen>
<dimen name="dp663">884dp</dimen>
<dimen name="dp664">885dp</dimen>
<dimen name="dp665">887dp</dimen>
<dimen name="dp666">888dp</dimen>
<dimen name="dp667">889dp</dimen>
<dimen name="dp668">891dp</dimen>
<dimen name="dp669">892dp</dimen>
<dimen name="dp670">893dp</dimen>
<dimen name="dp671">895dp</dimen>
<dimen name="dp672">896dp</dimen>
<dimen name="dp673">897dp</dimen>
<dimen name="dp674">899dp</dimen>
<dimen name="dp675">900dp</dimen>
<dimen name="dp676">901dp</dimen>
<dimen name="dp677">903dp</dimen>
<dimen name="dp678">904dp</dimen>
<dimen name="dp679">905dp</dimen>
<dimen name="dp680">907dp</dimen>
<dimen name="dp681">908dp</dimen>
<dimen name="dp682">909dp</dimen>
<dimen name="dp683">911dp</dimen>
<dimen name="dp684">912dp</dimen>
<dimen name="dp685">913dp</dimen>
<dimen name="dp686">915dp</dimen>
<dimen name="dp687">916dp</dimen>
<dimen name="dp688">917dp</dimen>
<dimen name="dp689">919dp</dimen>
<dimen name="dp690">920dp</dimen>
<dimen name="dp691">921dp</dimen>
<dimen name="dp692">923dp</dimen>
<dimen name="dp693">924dp</dimen>
<dimen name="dp694">925dp</dimen>
<dimen name="dp695">927dp</dimen>
<dimen name="dp696">928dp</dimen>
<dimen name="dp697">929dp</dimen>
<dimen name="dp698">931dp</dimen>
<dimen name="dp699">932dp</dimen>
<dimen name="dp700">933dp</dimen>
<dimen name="dp701">935dp</dimen>
<dimen name="dp702">936dp</dimen>
<dimen name="dp703">937dp</dimen>
<dimen name="dp704">939dp</dimen>
<dimen name="dp705">940dp</dimen>
<dimen name="dp706">941dp</dimen>
<dimen name="dp707">943dp</dimen>
<dimen name="dp708">944dp</dimen>
<dimen name="dp709">945dp</dimen>
<dimen name="dp710">947dp</dimen>
<dimen name="dp711">948dp</dimen>
<dimen name="dp712">949dp</dimen>
<dimen name="dp713">951dp</dimen>
<dimen name="dp714">952dp</dimen>
<dimen name="dp715">953dp</dimen>
<dimen name="dp716">955dp</dimen>
<dimen name="dp717">956dp</dimen>
<dimen name="dp718">957dp</dimen>
<dimen name="dp719">959dp</dimen>
<dimen name="dp720">960dp</dimen>
<dimen name="dp721">961dp</dimen>
<dimen name="dp722">963dp</dimen>
<dimen name="dp723">964dp</dimen>
<dimen name="dp724">965dp</dimen>
<dimen name="dp725">967dp</dimen>
<dimen name="dp726">968dp</dimen>
<dimen name="dp727">969dp</dimen>
<dimen name="dp728">971dp</dimen>
<dimen name="dp729">972dp</dimen>
<dimen name="dp730">973dp</dimen>
<dimen name="dp731">975dp</dimen>
<dimen name="dp732">976dp</dimen>
<dimen name="dp733">977dp</dimen>
<dimen name="dp734">979dp</dimen>
<dimen name="dp735">980dp</dimen>
<dimen name="dp736">981dp</dimen>
<dimen name="dp737">983dp</dimen>
<dimen name="dp738">984dp</dimen>
<dimen name="dp739">985dp</dimen>
<dimen name="dp740">987dp</dimen>
<dimen name="dp741">988dp</dimen>
<dimen name="dp742">989dp</dimen>
<dimen name="dp743">991dp</dimen>
<dimen name="dp744">992dp</dimen>
<dimen name="dp745">993dp</dimen>
<dimen name="dp746">995dp</dimen>
<dimen name="dp747">996dp</dimen>
<dimen name="dp748">997dp</dimen>
<dimen name="dp749">999dp</dimen>
<dimen name="dp750">1000dp</dimen>
<dimen name="dp751">1001dp</dimen>
<dimen name="dp752">1003dp</dimen>
<dimen name="dp753">1004dp</dimen>
<dimen name="dp754">1005dp</dimen>
<dimen name="dp755">1007dp</dimen>
<dimen name="dp756">1008dp</dimen>
<dimen name="dp757">1009dp</dimen>
<dimen name="dp758">1011dp</dimen>
<dimen name="dp759">1012dp</dimen>
<dimen name="dp760">1013dp</dimen>
<dimen name="dp761">1015dp</dimen>
<dimen name="dp762">1016dp</dimen>
<dimen name="dp763">1017dp</dimen>
<dimen name="dp764">1019dp</dimen>
<dimen name="dp765">1020dp</dimen>
<dimen name="dp766">1021dp</dimen>
<dimen name="dp767">1023dp</dimen>
<dimen name="dp768">1024dp</dimen>
<dimen name="dp769">1025dp</dimen>
<dimen name="dp770">1027dp</dimen>
<dimen name="dp771">1028dp</dimen>
<dimen name="dp772">1029dp</dimen>
<dimen name="dp773">1031dp</dimen>
<dimen name="dp774">1032dp</dimen>
<dimen name="dp775">1033dp</dimen>
<dimen name="dp776">1035dp</dimen>
<dimen name="dp777">1036dp</dimen>
<dimen name="dp778">1037dp</dimen>
<dimen name="dp779">1039dp</dimen>
<dimen name="dp780">1040dp</dimen>
<dimen name="dp781">1041dp</dimen>
<dimen name="dp782">1043dp</dimen>
<dimen name="dp783">1044dp</dimen>
<dimen name="dp784">1045dp</dimen>
<dimen name="dp785">1047dp</dimen>
<dimen name="dp786">1048dp</dimen>
<dimen name="dp787">1049dp</dimen>
<dimen name="dp788">1051dp</dimen>
<dimen name="dp789">1052dp</dimen>
<dimen name="dp790">1053dp</dimen>
<dimen name="dp791">1055dp</dimen>
<dimen name="dp792">1056dp</dimen>
<dimen name="dp793">1057dp</dimen>
<dimen name="dp794">1059dp</dimen>
<dimen name="dp795">1060dp</dimen>
<dimen name="dp796">1061dp</dimen>
<dimen name="dp797">1063dp</dimen>
<dimen name="dp798">1064dp</dimen>
<dimen name="dp799">1065dp</dimen>
<dimen name="dp800">1067dp</dimen>
<dimen name="dp801">1068dp</dimen>
<dimen name="dp802">1069dp</dimen>
<dimen name="dp803">1071dp</dimen>
<dimen name="dp804">1072dp</dimen>
<dimen name="dp805">1073dp</dimen>
<dimen name="dp806">1075dp</dimen>
<dimen name="dp807">1076dp</dimen>
<dimen name="dp808">1077dp</dimen>
<dimen name="dp809">1079dp</dimen>
<dimen name="dp810">1080dp</dimen>
<dimen name="dp811">1081dp</dimen>
<dimen name="dp812">1083dp</dimen>
<dimen name="dp813">1084dp</dimen>
<dimen name="dp814">1085dp</dimen>
<dimen name="dp815">1087dp</dimen>
<dimen name="dp816">1088dp</dimen>
<dimen name="dp817">1089dp</dimen>
<dimen name="dp818">1091dp</dimen>
<dimen name="dp819">1092dp</dimen>
<dimen name="dp820">1093dp</dimen>
<dimen name="dp821">1095dp</dimen>
<dimen name="dp822">1096dp</dimen>
<dimen name="dp823">1097dp</dimen>
<dimen name="dp824">1099dp</dimen>
<dimen name="dp825">1100dp</dimen>
<dimen name="dp826">1101dp</dimen>
<dimen name="dp827">1103dp</dimen>
<dimen name="dp828">1104dp</dimen>
<dimen name="dp829">1105dp</dimen>
<dimen name="dp830">1107dp</dimen>
<dimen name="dp831">1108dp</dimen>
<dimen name="dp832">1109dp</dimen>
<dimen name="dp833">1111dp</dimen>
<dimen name="dp834">1112dp</dimen>
<dimen name="dp835">1113dp</dimen>
<dimen name="dp836">1115dp</dimen>
<dimen name="dp837">1116dp</dimen>
<dimen name="dp838">1117dp</dimen>
<dimen name="dp839">1119dp</dimen>
<dimen name="dp840">1120dp</dimen>
<dimen name="dp841">1121dp</dimen>
<dimen name="dp842">1123dp</dimen>
<dimen name="dp843">1124dp</dimen>
<dimen name="dp844">1125dp</dimen>
<dimen name="dp845">1127dp</dimen>
<dimen name="dp846">1128dp</dimen>
<dimen name="dp847">1129dp</dimen>
<dimen name="dp848">1131dp</dimen>
<dimen name="dp849">1132dp</dimen>
<dimen name="dp850">1133dp</dimen>
<dimen name="dp851">1135dp</dimen>
<dimen name="dp852">1136dp</dimen>
<dimen name="dp853">1137dp</dimen>
<dimen name="dp854">1139dp</dimen>
<dimen name="dp855">1140dp</dimen>
<dimen name="dp856">1141dp</dimen>
<dimen name="dp857">1143dp</dimen>
<dimen name="dp858">1144dp</dimen>
<dimen name="dp859">1145dp</dimen>
<dimen name="dp860">1147dp</dimen>
<dimen name="dp861">1148dp</dimen>
<dimen name="dp862">1149dp</dimen>
<dimen name="dp863">1151dp</dimen>
<dimen name="dp864">1152dp</dimen>
<dimen name="dp865">1153dp</dimen>
<dimen name="dp866">1155dp</dimen>
<dimen name="dp867">1156dp</dimen>
<dimen name="dp868">1157dp</dimen>
<dimen name="dp869">1159dp</dimen>
<dimen name="dp870">1160dp</dimen>
<dimen name="dp871">1161dp</dimen>
<dimen name="dp872">1163dp</dimen>
<dimen name="dp873">1164dp</dimen>
<dimen name="dp874">1165dp</dimen>
<dimen name="dp875">1167dp</dimen>
<dimen name="dp876">1168dp</dimen>
<dimen name="dp877">1169dp</dimen>
<dimen name="dp878">1171dp</dimen>
<dimen name="dp879">1172dp</dimen>
<dimen name="dp880">1173dp</dimen>
<dimen name="dp881">1175dp</dimen>
<dimen name="dp882">1176dp</dimen>
<dimen name="dp883">1177dp</dimen>
<dimen name="dp884">1179dp</dimen>
<dimen name="dp885">1180dp</dimen>
<dimen name="dp886">1181dp</dimen>
<dimen name="dp887">1183dp</dimen>
<dimen name="dp888">1184dp</dimen>
<dimen name="dp889">1185dp</dimen>
<dimen name="dp890">1187dp</dimen>
<dimen name="dp891">1188dp</dimen>
<dimen name="dp892">1189dp</dimen>
<dimen name="dp893">1191dp</dimen>
<dimen name="dp894">1192dp</dimen>
<dimen name="dp895">1193dp</dimen>
<dimen name="dp896">1195dp</dimen>
<dimen name="dp897">1196dp</dimen>
<dimen name="dp898">1197dp</dimen>
<dimen name="dp899">1199dp</dimen>
<dimen name="dp900">1200dp</dimen>
<dimen name="dp901">1201dp</dimen>
<dimen name="dp902">1203dp</dimen>
<dimen name="dp903">1204dp</dimen>
<dimen name="dp904">1205dp</dimen>
<dimen name="dp905">1207dp</dimen>
<dimen name="dp906">1208dp</dimen>
<dimen name="dp907">1209dp</dimen>
<dimen name="dp908">1211dp</dimen>
<dimen name="dp909">1212dp</dimen>
<dimen name="dp910">1213dp</dimen>
<dimen name="dp911">1215dp</dimen>
<dimen name="dp912">1216dp</dimen>
<dimen name="dp913">1217dp</dimen>
<dimen name="dp914">1219dp</dimen>
<dimen name="dp915">1220dp</dimen>
<dimen name="dp916">1221dp</dimen>
<dimen name="dp917">1223dp</dimen>
<dimen name="dp918">1224dp</dimen>
<dimen name="dp919">1225dp</dimen>
<dimen name="dp920">1227dp</dimen>
<dimen name="dp921">1228dp</dimen>
<dimen name="dp922">1229dp</dimen>
<dimen name="dp923">1231dp</dimen>
<dimen name="dp924">1232dp</dimen>
<dimen name="dp925">1233dp</dimen>
<dimen name="dp926">1235dp</dimen>
<dimen name="dp927">1236dp</dimen>
<dimen name="dp928">1237dp</dimen>
<dimen name="dp929">1239dp</dimen>
<dimen name="dp930">1240dp</dimen>
<dimen name="dp931">1241dp</dimen>
<dimen name="dp932">1243dp</dimen>
<dimen name="dp933">1244dp</dimen>
<dimen name="dp934">1245dp</dimen>
<dimen name="dp935">1247dp</dimen>
<dimen name="dp936">1248dp</dimen>
<dimen name="dp937">1249dp</dimen>
<dimen name="dp938">1251dp</dimen>
<dimen name="dp939">1252dp</dimen>
<dimen name="dp940">1253dp</dimen>
<dimen name="dp941">1255dp</dimen>
<dimen name="dp942">1256dp</dimen>
<dimen name="dp943">1257dp</dimen>
<dimen name="dp944">1259dp</dimen>
<dimen name="dp945">1260dp</dimen>
<dimen name="dp946">1261dp</dimen>
<dimen name="dp947">1263dp</dimen>
<dimen name="dp948">1264dp</dimen>
<dimen name="dp949">1265dp</dimen>
<dimen name="dp950">1267dp</dimen>
<dimen name="dp951">1268dp</dimen>
<dimen name="dp952">1269dp</dimen>
<dimen name="dp953">1271dp</dimen>
<dimen name="dp954">1272dp</dimen>
<dimen name="dp955">1273dp</dimen>
<dimen name="dp956">1275dp</dimen>
<dimen name="dp957">1276dp</dimen>
<dimen name="dp958">1277dp</dimen>
<dimen name="dp959">1279dp</dimen>
<dimen name="dp960">1280dp</dimen>
<dimen name="dp961">1281dp</dimen>
<dimen name="dp962">1283dp</dimen>
<dimen name="dp963">1284dp</dimen>
<dimen name="dp964">1285dp</dimen>
<dimen name="dp965">1287dp</dimen>
<dimen name="dp966">1288dp</dimen>
<dimen name="dp967">1289dp</dimen>
<dimen name="dp968">1291dp</dimen>
<dimen name="dp969">1292dp</dimen>
<dimen name="dp970">1293dp</dimen>
<dimen name="dp971">1295dp</dimen>
<dimen name="dp972">1296dp</dimen>
<dimen name="dp973">1297dp</dimen>
<dimen name="dp974">1299dp</dimen>
<dimen name="dp975">1300dp</dimen>
<dimen name="dp976">1301dp</dimen>
<dimen name="dp977">1303dp</dimen>
<dimen name="dp978">1304dp</dimen>
<dimen name="dp979">1305dp</dimen>
<dimen name="dp980">1307dp</dimen>
<dimen name="dp981">1308dp</dimen>
<dimen name="dp982">1309dp</dimen>
<dimen name="dp983">1311dp</dimen>
<dimen name="dp984">1312dp</dimen>
<dimen name="dp985">1313dp</dimen>
<dimen name="dp986">1315dp</dimen>
<dimen name="dp987">1316dp</dimen>
<dimen name="dp988">1317dp</dimen>
<dimen name="dp989">1319dp</dimen>
<dimen name="dp990">1320dp</dimen>
<dimen name="dp991">1321dp</dimen>
<dimen name="dp992">1323dp</dimen>
<dimen name="dp993">1324dp</dimen>
<dimen name="dp994">1325dp</dimen>
<dimen name="dp995">1327dp</dimen>
<dimen name="dp996">1328dp</dimen>
<dimen name="dp997">1329dp</dimen>
<dimen name="dp998">1331dp</dimen>
<dimen name="dp999">1332dp</dimen>
<dimen name="dp1000">1333dp</dimen>
<dimen name="sp1">1sp</dimen>
<dimen name="sp2">3sp</dimen>
<dimen name="sp3">4sp</dimen>
<dimen name="sp4">5sp</dimen>
<dimen name="sp5">7sp</dimen>
<dimen name="sp6">8sp</dimen>
<dimen name="sp7">9sp</dimen>
<dimen name="sp8">11sp</dimen>
<dimen name="sp9">12sp</dimen>
<dimen name="sp10">13sp</dimen>
<dimen name="sp11">15sp</dimen>
<dimen name="sp12">16sp</dimen>
<dimen name="sp13">17sp</dimen>
<dimen name="sp14">19sp</dimen>
<dimen name="sp15">20sp</dimen>
<dimen name="sp16">21sp</dimen>
<dimen name="sp17">23sp</dimen>
<dimen name="sp18">24sp</dimen>
<dimen name="sp19">25sp</dimen>
<dimen name="sp20">27sp</dimen>
<dimen name="sp21">28sp</dimen>
<dimen name="sp22">29sp</dimen>
<dimen name="sp23">31sp</dimen>
<dimen name="sp24">32sp</dimen>
<dimen name="sp25">33sp</dimen>
<dimen name="sp26">35sp</dimen>
<dimen name="sp27">36sp</dimen>
<dimen name="sp28">37sp</dimen>
<dimen name="sp29">39sp</dimen>
<dimen name="sp30">40sp</dimen>
<dimen name="sp31">41sp</dimen>
<dimen name="sp32">43sp</dimen>
<dimen name="sp33">44sp</dimen>
<dimen name="sp34">45sp</dimen>
<dimen name="sp35">47sp</dimen>
<dimen name="sp36">48sp</dimen>
<dimen name="sp37">49sp</dimen>
<dimen name="sp38">51sp</dimen>
<dimen name="sp39">52sp</dimen>
<dimen name="sp40">53sp</dimen>
<dimen name="sp41">55sp</dimen>
<dimen name="sp42">56sp</dimen>
<dimen name="sp43">57sp</dimen>
<dimen name="sp44">59sp</dimen>
<dimen name="sp45">60sp</dimen>
<dimen name="sp46">61sp</dimen>
<dimen name="sp47">63sp</dimen>
<dimen name="sp48">64sp</dimen>
<dimen name="sp49">65sp</dimen>
<dimen name="sp50">67sp</dimen>
<dimen name="dpneg25">-33dp</dimen>
<dimen name="dpneg24">-32dp</dimen>
<dimen name="dpneg23">-31dp</dimen>
<dimen name="dpneg22">-29dp</dimen>
<dimen name="dpneg21">-28dp</dimen>
<dimen name="dpneg20">-27dp</dimen>
<dimen name="dpneg19">-25dp</dimen>
<dimen name="dpneg18">-24dp</dimen>
<dimen name="dpneg17">-23dp</dimen>
<dimen name="dpneg16">-21dp</dimen>
<dimen name="dpneg15">-20dp</dimen>
<dimen name="dpneg14">-19dp</dimen>
<dimen name="dpneg13">-17dp</dimen>
<dimen name="dpneg12">-16dp</dimen>
<dimen name="dpneg11">-15dp</dimen>
<dimen name="dpneg10">-13dp</dimen>
<dimen name="dpneg9">-12dp</dimen>
<dimen name="dpneg8">-11dp</dimen>
<dimen name="dpneg7">-9dp</dimen>
<dimen name="dpneg6">-8dp</dimen>
<dimen name="dpneg5">-7dp</dimen>
<dimen name="dpneg4">-5dp</dimen>
<dimen name="dpneg3">-4dp</dimen>
<dimen name="dpneg2">-3dp</dimen>
<dimen name="dpneg1">-1dp</dimen>
</resources>
