<?xml version="1.0" encoding="utf-8"?>
<resources>
<dimen name="dp1">1dp</dimen>
<dimen name="dp2">2dp</dimen>
<dimen name="dp3">3dp</dimen>
<dimen name="dp4">3dp</dimen>
<dimen name="dp5">4dp</dimen>
<dimen name="dp6">5dp</dimen>
<dimen name="dp7">6dp</dimen>
<dimen name="dp8">7dp</dimen>
<dimen name="dp9">8dp</dimen>
<dimen name="dp10">9dp</dimen>
<dimen name="dp11">9dp</dimen>
<dimen name="dp12">10dp</dimen>
<dimen name="dp13">11dp</dimen>
<dimen name="dp14">12dp</dimen>
<dimen name="dp15">13dp</dimen>
<dimen name="dp16">14dp</dimen>
<dimen name="dp17">15dp</dimen>
<dimen name="dp18">16dp</dimen>
<dimen name="dp19">16dp</dimen>
<dimen name="dp20">17dp</dimen>
<dimen name="dp21">18dp</dimen>
<dimen name="dp22">19dp</dimen>
<dimen name="dp23">20dp</dimen>
<dimen name="dp24">21dp</dimen>
<dimen name="dp25">22dp</dimen>
<dimen name="dp26">22dp</dimen>
<dimen name="dp27">23dp</dimen>
<dimen name="dp28">24dp</dimen>
<dimen name="dp29">25dp</dimen>
<dimen name="dp30">26dp</dimen>
<dimen name="dp31">27dp</dimen>
<dimen name="dp32">28dp</dimen>
<dimen name="dp33">28dp</dimen>
<dimen name="dp34">29dp</dimen>
<dimen name="dp35">30dp</dimen>
<dimen name="dp36">31dp</dimen>
<dimen name="dp37">32dp</dimen>
<dimen name="dp38">33dp</dimen>
<dimen name="dp39">34dp</dimen>
<dimen name="dp40">34dp</dimen>
<dimen name="dp41">35dp</dimen>
<dimen name="dp42">36dp</dimen>
<dimen name="dp43">37dp</dimen>
<dimen name="dp44">38dp</dimen>
<dimen name="dp45">39dp</dimen>
<dimen name="dp46">40dp</dimen>
<dimen name="dp47">40dp</dimen>
<dimen name="dp48">41dp</dimen>
<dimen name="dp49">42dp</dimen>
<dimen name="dp50">43dp</dimen>
<dimen name="dp51">44dp</dimen>
<dimen name="dp52">45dp</dimen>
<dimen name="dp53">46dp</dimen>
<dimen name="dp54">47dp</dimen>
<dimen name="dp55">47dp</dimen>
<dimen name="dp56">48dp</dimen>
<dimen name="dp57">49dp</dimen>
<dimen name="dp58">50dp</dimen>
<dimen name="dp59">51dp</dimen>
<dimen name="dp60">52dp</dimen>
<dimen name="dp61">53dp</dimen>
<dimen name="dp62">53dp</dimen>
<dimen name="dp63">54dp</dimen>
<dimen name="dp64">55dp</dimen>
<dimen name="dp65">56dp</dimen>
<dimen name="dp66">57dp</dimen>
<dimen name="dp67">58dp</dimen>
<dimen name="dp68">59dp</dimen>
<dimen name="dp69">59dp</dimen>
<dimen name="dp70">60dp</dimen>
<dimen name="dp71">61dp</dimen>
<dimen name="dp72">62dp</dimen>
<dimen name="dp73">63dp</dimen>
<dimen name="dp74">64dp</dimen>
<dimen name="dp75">65dp</dimen>
<dimen name="dp76">65dp</dimen>
<dimen name="dp77">66dp</dimen>
<dimen name="dp78">67dp</dimen>
<dimen name="dp79">68dp</dimen>
<dimen name="dp80">69dp</dimen>
<dimen name="dp81">70dp</dimen>
<dimen name="dp82">71dp</dimen>
<dimen name="dp83">71dp</dimen>
<dimen name="dp84">72dp</dimen>
<dimen name="dp85">73dp</dimen>
<dimen name="dp86">74dp</dimen>
<dimen name="dp87">75dp</dimen>
<dimen name="dp88">76dp</dimen>
<dimen name="dp89">77dp</dimen>
<dimen name="dp90">78dp</dimen>
<dimen name="dp91">78dp</dimen>
<dimen name="dp92">79dp</dimen>
<dimen name="dp93">80dp</dimen>
<dimen name="dp94">81dp</dimen>
<dimen name="dp95">82dp</dimen>
<dimen name="dp96">83dp</dimen>
<dimen name="dp97">84dp</dimen>
<dimen name="dp98">84dp</dimen>
<dimen name="dp99">85dp</dimen>
<dimen name="dp100">86dp</dimen>
<dimen name="dp101">87dp</dimen>
<dimen name="dp102">88dp</dimen>
<dimen name="dp103">89dp</dimen>
<dimen name="dp104">90dp</dimen>
<dimen name="dp105">90dp</dimen>
<dimen name="dp106">91dp</dimen>
<dimen name="dp107">92dp</dimen>
<dimen name="dp108">93dp</dimen>
<dimen name="dp109">94dp</dimen>
<dimen name="dp110">95dp</dimen>
<dimen name="dp111">96dp</dimen>
<dimen name="dp112">96dp</dimen>
<dimen name="dp113">97dp</dimen>
<dimen name="dp114">98dp</dimen>
<dimen name="dp115">99dp</dimen>
<dimen name="dp116">100dp</dimen>
<dimen name="dp117">101dp</dimen>
<dimen name="dp118">102dp</dimen>
<dimen name="dp119">102dp</dimen>
<dimen name="dp120">103dp</dimen>
<dimen name="dp121">104dp</dimen>
<dimen name="dp122">105dp</dimen>
<dimen name="dp123">106dp</dimen>
<dimen name="dp124">107dp</dimen>
<dimen name="dp125">108dp</dimen>
<dimen name="dp126">109dp</dimen>
<dimen name="dp127">109dp</dimen>
<dimen name="dp128">110dp</dimen>
<dimen name="dp129">111dp</dimen>
<dimen name="dp130">112dp</dimen>
<dimen name="dp131">113dp</dimen>
<dimen name="dp132">114dp</dimen>
<dimen name="dp133">115dp</dimen>
<dimen name="dp134">115dp</dimen>
<dimen name="dp135">116dp</dimen>
<dimen name="dp136">117dp</dimen>
<dimen name="dp137">118dp</dimen>
<dimen name="dp138">119dp</dimen>
<dimen name="dp139">120dp</dimen>
<dimen name="dp140">121dp</dimen>
<dimen name="dp141">121dp</dimen>
<dimen name="dp142">122dp</dimen>
<dimen name="dp143">123dp</dimen>
<dimen name="dp144">124dp</dimen>
<dimen name="dp145">125dp</dimen>
<dimen name="dp146">126dp</dimen>
<dimen name="dp147">127dp</dimen>
<dimen name="dp148">127dp</dimen>
<dimen name="dp149">128dp</dimen>
<dimen name="dp150">129dp</dimen>
<dimen name="dp151">130dp</dimen>
<dimen name="dp152">131dp</dimen>
<dimen name="dp153">132dp</dimen>
<dimen name="dp154">133dp</dimen>
<dimen name="dp155">133dp</dimen>
<dimen name="dp156">134dp</dimen>
<dimen name="dp157">135dp</dimen>
<dimen name="dp158">136dp</dimen>
<dimen name="dp159">137dp</dimen>
<dimen name="dp160">138dp</dimen>
<dimen name="dp161">139dp</dimen>
<dimen name="dp162">140dp</dimen>
<dimen name="dp163">140dp</dimen>
<dimen name="dp164">141dp</dimen>
<dimen name="dp165">142dp</dimen>
<dimen name="dp166">143dp</dimen>
<dimen name="dp167">144dp</dimen>
<dimen name="dp168">145dp</dimen>
<dimen name="dp169">146dp</dimen>
<dimen name="dp170">146dp</dimen>
<dimen name="dp171">147dp</dimen>
<dimen name="dp172">148dp</dimen>
<dimen name="dp173">149dp</dimen>
<dimen name="dp174">150dp</dimen>
<dimen name="dp175">151dp</dimen>
<dimen name="dp176">152dp</dimen>
<dimen name="dp177">152dp</dimen>
<dimen name="dp178">153dp</dimen>
<dimen name="dp179">154dp</dimen>
<dimen name="dp180">155dp</dimen>
<dimen name="dp181">156dp</dimen>
<dimen name="dp182">157dp</dimen>
<dimen name="dp183">158dp</dimen>
<dimen name="dp184">158dp</dimen>
<dimen name="dp185">159dp</dimen>
<dimen name="dp186">160dp</dimen>
<dimen name="dp187">161dp</dimen>
<dimen name="dp188">162dp</dimen>
<dimen name="dp189">163dp</dimen>
<dimen name="dp190">164dp</dimen>
<dimen name="dp191">164dp</dimen>
<dimen name="dp192">165dp</dimen>
<dimen name="dp193">166dp</dimen>
<dimen name="dp194">167dp</dimen>
<dimen name="dp195">168dp</dimen>
<dimen name="dp196">169dp</dimen>
<dimen name="dp197">170dp</dimen>
<dimen name="dp198">171dp</dimen>
<dimen name="dp199">171dp</dimen>
<dimen name="dp200">172dp</dimen>
<dimen name="dp201">173dp</dimen>
<dimen name="dp202">174dp</dimen>
<dimen name="dp203">175dp</dimen>
<dimen name="dp204">176dp</dimen>
<dimen name="dp205">177dp</dimen>
<dimen name="dp206">177dp</dimen>
<dimen name="dp207">178dp</dimen>
<dimen name="dp208">179dp</dimen>
<dimen name="dp209">180dp</dimen>
<dimen name="dp210">181dp</dimen>
<dimen name="dp211">182dp</dimen>
<dimen name="dp212">183dp</dimen>
<dimen name="dp213">183dp</dimen>
<dimen name="dp214">184dp</dimen>
<dimen name="dp215">185dp</dimen>
<dimen name="dp216">186dp</dimen>
<dimen name="dp217">187dp</dimen>
<dimen name="dp218">188dp</dimen>
<dimen name="dp219">189dp</dimen>
<dimen name="dp220">189dp</dimen>
<dimen name="dp221">190dp</dimen>
<dimen name="dp222">191dp</dimen>
<dimen name="dp223">192dp</dimen>
<dimen name="dp224">193dp</dimen>
<dimen name="dp225">194dp</dimen>
<dimen name="dp226">195dp</dimen>
<dimen name="dp227">195dp</dimen>
<dimen name="dp228">196dp</dimen>
<dimen name="dp229">197dp</dimen>
<dimen name="dp230">198dp</dimen>
<dimen name="dp231">199dp</dimen>
<dimen name="dp232">200dp</dimen>
<dimen name="dp233">201dp</dimen>
<dimen name="dp234">202dp</dimen>
<dimen name="dp235">202dp</dimen>
<dimen name="dp236">203dp</dimen>
<dimen name="dp237">204dp</dimen>
<dimen name="dp238">205dp</dimen>
<dimen name="dp239">206dp</dimen>
<dimen name="dp240">207dp</dimen>
<dimen name="dp241">208dp</dimen>
<dimen name="dp242">208dp</dimen>
<dimen name="dp243">209dp</dimen>
<dimen name="dp244">210dp</dimen>
<dimen name="dp245">211dp</dimen>
<dimen name="dp246">212dp</dimen>
<dimen name="dp247">213dp</dimen>
<dimen name="dp248">214dp</dimen>
<dimen name="dp249">214dp</dimen>
<dimen name="dp250">215dp</dimen>
<dimen name="dp251">216dp</dimen>
<dimen name="dp252">217dp</dimen>
<dimen name="dp253">218dp</dimen>
<dimen name="dp254">219dp</dimen>
<dimen name="dp255">220dp</dimen>
<dimen name="dp256">220dp</dimen>
<dimen name="dp257">221dp</dimen>
<dimen name="dp258">222dp</dimen>
<dimen name="dp259">223dp</dimen>
<dimen name="dp260">224dp</dimen>
<dimen name="dp261">225dp</dimen>
<dimen name="dp262">226dp</dimen>
<dimen name="dp263">226dp</dimen>
<dimen name="dp264">227dp</dimen>
<dimen name="dp265">228dp</dimen>
<dimen name="dp266">229dp</dimen>
<dimen name="dp267">230dp</dimen>
<dimen name="dp268">231dp</dimen>
<dimen name="dp269">232dp</dimen>
<dimen name="dp270">233dp</dimen>
<dimen name="dp271">233dp</dimen>
<dimen name="dp272">234dp</dimen>
<dimen name="dp273">235dp</dimen>
<dimen name="dp274">236dp</dimen>
<dimen name="dp275">237dp</dimen>
<dimen name="dp276">238dp</dimen>
<dimen name="dp277">239dp</dimen>
<dimen name="dp278">239dp</dimen>
<dimen name="dp279">240dp</dimen>
<dimen name="dp280">241dp</dimen>
<dimen name="dp281">242dp</dimen>
<dimen name="dp282">243dp</dimen>
<dimen name="dp283">244dp</dimen>
<dimen name="dp284">245dp</dimen>
<dimen name="dp285">245dp</dimen>
<dimen name="dp286">246dp</dimen>
<dimen name="dp287">247dp</dimen>
<dimen name="dp288">248dp</dimen>
<dimen name="dp289">249dp</dimen>
<dimen name="dp290">250dp</dimen>
<dimen name="dp291">251dp</dimen>
<dimen name="dp292">251dp</dimen>
<dimen name="dp293">252dp</dimen>
<dimen name="dp294">253dp</dimen>
<dimen name="dp295">254dp</dimen>
<dimen name="dp296">255dp</dimen>
<dimen name="dp297">256dp</dimen>
<dimen name="dp298">257dp</dimen>
<dimen name="dp299">257dp</dimen>
<dimen name="dp300">258dp</dimen>
<dimen name="dp301">259dp</dimen>
<dimen name="dp302">260dp</dimen>
<dimen name="dp303">261dp</dimen>
<dimen name="dp304">262dp</dimen>
<dimen name="dp305">263dp</dimen>
<dimen name="dp306">264dp</dimen>
<dimen name="dp307">264dp</dimen>
<dimen name="dp308">265dp</dimen>
<dimen name="dp309">266dp</dimen>
<dimen name="dp310">267dp</dimen>
<dimen name="dp311">268dp</dimen>
<dimen name="dp312">269dp</dimen>
<dimen name="dp313">270dp</dimen>
<dimen name="dp314">270dp</dimen>
<dimen name="dp315">271dp</dimen>
<dimen name="dp316">272dp</dimen>
<dimen name="dp317">273dp</dimen>
<dimen name="dp318">274dp</dimen>
<dimen name="dp319">275dp</dimen>
<dimen name="dp320">276dp</dimen>
<dimen name="dp321">276dp</dimen>
<dimen name="dp322">277dp</dimen>
<dimen name="dp323">278dp</dimen>
<dimen name="dp324">279dp</dimen>
<dimen name="dp325">280dp</dimen>
<dimen name="dp326">281dp</dimen>
<dimen name="dp327">282dp</dimen>
<dimen name="dp328">282dp</dimen>
<dimen name="dp329">283dp</dimen>
<dimen name="dp330">284dp</dimen>
<dimen name="dp331">285dp</dimen>
<dimen name="dp332">286dp</dimen>
<dimen name="dp333">287dp</dimen>
<dimen name="dp334">288dp</dimen>
<dimen name="dp335">288dp</dimen>
<dimen name="dp336">289dp</dimen>
<dimen name="dp337">290dp</dimen>
<dimen name="dp338">291dp</dimen>
<dimen name="dp339">292dp</dimen>
<dimen name="dp340">293dp</dimen>
<dimen name="dp341">294dp</dimen>
<dimen name="dp342">295dp</dimen>
<dimen name="dp343">295dp</dimen>
<dimen name="dp344">296dp</dimen>
<dimen name="dp345">297dp</dimen>
<dimen name="dp346">298dp</dimen>
<dimen name="dp347">299dp</dimen>
<dimen name="dp348">300dp</dimen>
<dimen name="dp349">301dp</dimen>
<dimen name="dp350">301dp</dimen>
<dimen name="dp351">302dp</dimen>
<dimen name="dp352">303dp</dimen>
<dimen name="dp353">304dp</dimen>
<dimen name="dp354">305dp</dimen>
<dimen name="dp355">306dp</dimen>
<dimen name="dp356">307dp</dimen>
<dimen name="dp357">307dp</dimen>
<dimen name="dp358">308dp</dimen>
<dimen name="dp359">309dp</dimen>
<dimen name="dp360">310dp</dimen>
<dimen name="dp361">311dp</dimen>
<dimen name="dp362">312dp</dimen>
<dimen name="dp363">313dp</dimen>
<dimen name="dp364">313dp</dimen>
<dimen name="dp365">314dp</dimen>
<dimen name="dp366">315dp</dimen>
<dimen name="dp367">316dp</dimen>
<dimen name="dp368">317dp</dimen>
<dimen name="dp369">318dp</dimen>
<dimen name="dp370">319dp</dimen>
<dimen name="dp371">319dp</dimen>
<dimen name="dp372">320dp</dimen>
<dimen name="dp373">321dp</dimen>
<dimen name="dp374">322dp</dimen>
<dimen name="dp375">323dp</dimen>
<dimen name="dp376">324dp</dimen>
<dimen name="dp377">325dp</dimen>
<dimen name="dp378">326dp</dimen>
<dimen name="dp379">326dp</dimen>
<dimen name="dp380">327dp</dimen>
<dimen name="dp381">328dp</dimen>
<dimen name="dp382">329dp</dimen>
<dimen name="dp383">330dp</dimen>
<dimen name="dp384">331dp</dimen>
<dimen name="dp385">332dp</dimen>
<dimen name="dp386">332dp</dimen>
<dimen name="dp387">333dp</dimen>
<dimen name="dp388">334dp</dimen>
<dimen name="dp389">335dp</dimen>
<dimen name="dp390">336dp</dimen>
<dimen name="dp391">337dp</dimen>
<dimen name="dp392">338dp</dimen>
<dimen name="dp393">338dp</dimen>
<dimen name="dp394">339dp</dimen>
<dimen name="dp395">340dp</dimen>
<dimen name="dp396">341dp</dimen>
<dimen name="dp397">342dp</dimen>
<dimen name="dp398">343dp</dimen>
<dimen name="dp399">344dp</dimen>
<dimen name="dp400">344dp</dimen>
<dimen name="dp401">345dp</dimen>
<dimen name="dp402">346dp</dimen>
<dimen name="dp403">347dp</dimen>
<dimen name="dp404">348dp</dimen>
<dimen name="dp405">349dp</dimen>
<dimen name="dp406">350dp</dimen>
<dimen name="dp407">350dp</dimen>
<dimen name="dp408">351dp</dimen>
<dimen name="dp409">352dp</dimen>
<dimen name="dp410">353dp</dimen>
<dimen name="dp411">354dp</dimen>
<dimen name="dp412">355dp</dimen>
<dimen name="dp413">356dp</dimen>
<dimen name="dp414">357dp</dimen>
<dimen name="dp415">357dp</dimen>
<dimen name="dp416">358dp</dimen>
<dimen name="dp417">359dp</dimen>
<dimen name="dp418">360dp</dimen>
<dimen name="dp419">361dp</dimen>
<dimen name="dp420">362dp</dimen>
<dimen name="dp421">363dp</dimen>
<dimen name="dp422">363dp</dimen>
<dimen name="dp423">364dp</dimen>
<dimen name="dp424">365dp</dimen>
<dimen name="dp425">366dp</dimen>
<dimen name="dp426">367dp</dimen>
<dimen name="dp427">368dp</dimen>
<dimen name="dp428">369dp</dimen>
<dimen name="dp429">369dp</dimen>
<dimen name="dp430">370dp</dimen>
<dimen name="dp431">371dp</dimen>
<dimen name="dp432">372dp</dimen>
<dimen name="dp433">373dp</dimen>
<dimen name="dp434">374dp</dimen>
<dimen name="dp435">375dp</dimen>
<dimen name="dp436">375dp</dimen>
<dimen name="dp437">376dp</dimen>
<dimen name="dp438">377dp</dimen>
<dimen name="dp439">378dp</dimen>
<dimen name="dp440">379dp</dimen>
<dimen name="dp441">380dp</dimen>
<dimen name="dp442">381dp</dimen>
<dimen name="dp443">381dp</dimen>
<dimen name="dp444">382dp</dimen>
<dimen name="dp445">383dp</dimen>
<dimen name="dp446">384dp</dimen>
<dimen name="dp447">385dp</dimen>
<dimen name="dp448">386dp</dimen>
<dimen name="dp449">387dp</dimen>
<dimen name="dp450">388dp</dimen>
<dimen name="dp451">388dp</dimen>
<dimen name="dp452">389dp</dimen>
<dimen name="dp453">390dp</dimen>
<dimen name="dp454">391dp</dimen>
<dimen name="dp455">392dp</dimen>
<dimen name="dp456">393dp</dimen>
<dimen name="dp457">394dp</dimen>
<dimen name="dp458">394dp</dimen>
<dimen name="dp459">395dp</dimen>
<dimen name="dp460">396dp</dimen>
<dimen name="dp461">397dp</dimen>
<dimen name="dp462">398dp</dimen>
<dimen name="dp463">399dp</dimen>
<dimen name="dp464">400dp</dimen>
<dimen name="dp465">400dp</dimen>
<dimen name="dp466">401dp</dimen>
<dimen name="dp467">402dp</dimen>
<dimen name="dp468">403dp</dimen>
<dimen name="dp469">404dp</dimen>
<dimen name="dp470">405dp</dimen>
<dimen name="dp471">406dp</dimen>
<dimen name="dp472">406dp</dimen>
<dimen name="dp473">407dp</dimen>
<dimen name="dp474">408dp</dimen>
<dimen name="dp475">409dp</dimen>
<dimen name="dp476">410dp</dimen>
<dimen name="dp477">411dp</dimen>
<dimen name="dp478">412dp</dimen>
<dimen name="dp479">412dp</dimen>
<dimen name="dp480">413dp</dimen>
<dimen name="dp481">414dp</dimen>
<dimen name="dp482">415dp</dimen>
<dimen name="dp483">416dp</dimen>
<dimen name="dp484">417dp</dimen>
<dimen name="dp485">418dp</dimen>
<dimen name="dp486">419dp</dimen>
<dimen name="dp487">419dp</dimen>
<dimen name="dp488">420dp</dimen>
<dimen name="dp489">421dp</dimen>
<dimen name="dp490">422dp</dimen>
<dimen name="dp491">423dp</dimen>
<dimen name="dp492">424dp</dimen>
<dimen name="dp493">425dp</dimen>
<dimen name="dp494">425dp</dimen>
<dimen name="dp495">426dp</dimen>
<dimen name="dp496">427dp</dimen>
<dimen name="dp497">428dp</dimen>
<dimen name="dp498">429dp</dimen>
<dimen name="dp499">430dp</dimen>
<dimen name="dp500">431dp</dimen>
<dimen name="dp501">431dp</dimen>
<dimen name="dp502">432dp</dimen>
<dimen name="dp503">433dp</dimen>
<dimen name="dp504">434dp</dimen>
<dimen name="dp505">435dp</dimen>
<dimen name="dp506">436dp</dimen>
<dimen name="dp507">437dp</dimen>
<dimen name="dp508">437dp</dimen>
<dimen name="dp509">438dp</dimen>
<dimen name="dp510">439dp</dimen>
<dimen name="dp511">440dp</dimen>
<dimen name="dp512">441dp</dimen>
<dimen name="dp513">442dp</dimen>
<dimen name="dp514">443dp</dimen>
<dimen name="dp515">443dp</dimen>
<dimen name="dp516">444dp</dimen>
<dimen name="dp517">445dp</dimen>
<dimen name="dp518">446dp</dimen>
<dimen name="dp519">447dp</dimen>
<dimen name="dp520">448dp</dimen>
<dimen name="dp521">449dp</dimen>
<dimen name="dp522">450dp</dimen>
<dimen name="dp523">450dp</dimen>
<dimen name="dp524">451dp</dimen>
<dimen name="dp525">452dp</dimen>
<dimen name="dp526">453dp</dimen>
<dimen name="dp527">454dp</dimen>
<dimen name="dp528">455dp</dimen>
<dimen name="dp529">456dp</dimen>
<dimen name="dp530">456dp</dimen>
<dimen name="dp531">457dp</dimen>
<dimen name="dp532">458dp</dimen>
<dimen name="dp533">459dp</dimen>
<dimen name="dp534">460dp</dimen>
<dimen name="dp535">461dp</dimen>
<dimen name="dp536">462dp</dimen>
<dimen name="dp537">462dp</dimen>
<dimen name="dp538">463dp</dimen>
<dimen name="dp539">464dp</dimen>
<dimen name="dp540">465dp</dimen>
<dimen name="dp541">466dp</dimen>
<dimen name="dp542">467dp</dimen>
<dimen name="dp543">468dp</dimen>
<dimen name="dp544">468dp</dimen>
<dimen name="dp545">469dp</dimen>
<dimen name="dp546">470dp</dimen>
<dimen name="dp547">471dp</dimen>
<dimen name="dp548">472dp</dimen>
<dimen name="dp549">473dp</dimen>
<dimen name="dp550">474dp</dimen>
<dimen name="dp551">474dp</dimen>
<dimen name="dp552">475dp</dimen>
<dimen name="dp553">476dp</dimen>
<dimen name="dp554">477dp</dimen>
<dimen name="dp555">478dp</dimen>
<dimen name="dp556">479dp</dimen>
<dimen name="dp557">480dp</dimen>
<dimen name="dp558">481dp</dimen>
<dimen name="dp559">481dp</dimen>
<dimen name="dp560">482dp</dimen>
<dimen name="dp561">483dp</dimen>
<dimen name="dp562">484dp</dimen>
<dimen name="dp563">485dp</dimen>
<dimen name="dp564">486dp</dimen>
<dimen name="dp565">487dp</dimen>
<dimen name="dp566">487dp</dimen>
<dimen name="dp567">488dp</dimen>
<dimen name="dp568">489dp</dimen>
<dimen name="dp569">490dp</dimen>
<dimen name="dp570">491dp</dimen>
<dimen name="dp571">492dp</dimen>
<dimen name="dp572">493dp</dimen>
<dimen name="dp573">493dp</dimen>
<dimen name="dp574">494dp</dimen>
<dimen name="dp575">495dp</dimen>
<dimen name="dp576">496dp</dimen>
<dimen name="dp577">497dp</dimen>
<dimen name="dp578">498dp</dimen>
<dimen name="dp579">499dp</dimen>
<dimen name="dp580">499dp</dimen>
<dimen name="dp581">500dp</dimen>
<dimen name="dp582">501dp</dimen>
<dimen name="dp583">502dp</dimen>
<dimen name="dp584">503dp</dimen>
<dimen name="dp585">504dp</dimen>
<dimen name="dp586">505dp</dimen>
<dimen name="dp587">505dp</dimen>
<dimen name="dp588">506dp</dimen>
<dimen name="dp589">507dp</dimen>
<dimen name="dp590">508dp</dimen>
<dimen name="dp591">509dp</dimen>
<dimen name="dp592">510dp</dimen>
<dimen name="dp593">511dp</dimen>
<dimen name="dp594">512dp</dimen>
<dimen name="dp595">512dp</dimen>
<dimen name="dp596">513dp</dimen>
<dimen name="dp597">514dp</dimen>
<dimen name="dp598">515dp</dimen>
<dimen name="dp599">516dp</dimen>
<dimen name="dp600">517dp</dimen>
<dimen name="dp601">518dp</dimen>
<dimen name="dp602">518dp</dimen>
<dimen name="dp603">519dp</dimen>
<dimen name="dp604">520dp</dimen>
<dimen name="dp605">521dp</dimen>
<dimen name="dp606">522dp</dimen>
<dimen name="dp607">523dp</dimen>
<dimen name="dp608">524dp</dimen>
<dimen name="dp609">524dp</dimen>
<dimen name="dp610">525dp</dimen>
<dimen name="dp611">526dp</dimen>
<dimen name="dp612">527dp</dimen>
<dimen name="dp613">528dp</dimen>
<dimen name="dp614">529dp</dimen>
<dimen name="dp615">530dp</dimen>
<dimen name="dp616">530dp</dimen>
<dimen name="dp617">531dp</dimen>
<dimen name="dp618">532dp</dimen>
<dimen name="dp619">533dp</dimen>
<dimen name="dp620">534dp</dimen>
<dimen name="dp621">535dp</dimen>
<dimen name="dp622">536dp</dimen>
<dimen name="dp623">536dp</dimen>
<dimen name="dp624">537dp</dimen>
<dimen name="dp625">538dp</dimen>
<dimen name="dp626">539dp</dimen>
<dimen name="dp627">540dp</dimen>
<dimen name="dp628">541dp</dimen>
<dimen name="dp629">542dp</dimen>
<dimen name="dp630">543dp</dimen>
<dimen name="dp631">543dp</dimen>
<dimen name="dp632">544dp</dimen>
<dimen name="dp633">545dp</dimen>
<dimen name="dp634">546dp</dimen>
<dimen name="dp635">547dp</dimen>
<dimen name="dp636">548dp</dimen>
<dimen name="dp637">549dp</dimen>
<dimen name="dp638">549dp</dimen>
<dimen name="dp639">550dp</dimen>
<dimen name="dp640">551dp</dimen>
<dimen name="dp641">552dp</dimen>
<dimen name="dp642">553dp</dimen>
<dimen name="dp643">554dp</dimen>
<dimen name="dp644">555dp</dimen>
<dimen name="dp645">555dp</dimen>
<dimen name="dp646">556dp</dimen>
<dimen name="dp647">557dp</dimen>
<dimen name="dp648">558dp</dimen>
<dimen name="dp649">559dp</dimen>
<dimen name="dp650">560dp</dimen>
<dimen name="dp651">561dp</dimen>
<dimen name="dp652">561dp</dimen>
<dimen name="dp653">562dp</dimen>
<dimen name="dp654">563dp</dimen>
<dimen name="dp655">564dp</dimen>
<dimen name="dp656">565dp</dimen>
<dimen name="dp657">566dp</dimen>
<dimen name="dp658">567dp</dimen>
<dimen name="dp659">567dp</dimen>
<dimen name="dp660">568dp</dimen>
<dimen name="dp661">569dp</dimen>
<dimen name="dp662">570dp</dimen>
<dimen name="dp663">571dp</dimen>
<dimen name="dp664">572dp</dimen>
<dimen name="dp665">573dp</dimen>
<dimen name="dp666">574dp</dimen>
<dimen name="dp667">574dp</dimen>
<dimen name="dp668">575dp</dimen>
<dimen name="dp669">576dp</dimen>
<dimen name="dp670">577dp</dimen>
<dimen name="dp671">578dp</dimen>
<dimen name="dp672">579dp</dimen>
<dimen name="dp673">580dp</dimen>
<dimen name="dp674">580dp</dimen>
<dimen name="dp675">581dp</dimen>
<dimen name="dp676">582dp</dimen>
<dimen name="dp677">583dp</dimen>
<dimen name="dp678">584dp</dimen>
<dimen name="dp679">585dp</dimen>
<dimen name="dp680">586dp</dimen>
<dimen name="dp681">586dp</dimen>
<dimen name="dp682">587dp</dimen>
<dimen name="dp683">588dp</dimen>
<dimen name="dp684">589dp</dimen>
<dimen name="dp685">590dp</dimen>
<dimen name="dp686">591dp</dimen>
<dimen name="dp687">592dp</dimen>
<dimen name="dp688">592dp</dimen>
<dimen name="dp689">593dp</dimen>
<dimen name="dp690">594dp</dimen>
<dimen name="dp691">595dp</dimen>
<dimen name="dp692">596dp</dimen>
<dimen name="dp693">597dp</dimen>
<dimen name="dp694">598dp</dimen>
<dimen name="dp695">598dp</dimen>
<dimen name="dp696">599dp</dimen>
<dimen name="dp697">600dp</dimen>
<dimen name="dp698">601dp</dimen>
<dimen name="dp699">602dp</dimen>
<dimen name="dp700">603dp</dimen>
<dimen name="dp701">604dp</dimen>
<dimen name="dp702">605dp</dimen>
<dimen name="dp703">605dp</dimen>
<dimen name="dp704">606dp</dimen>
<dimen name="dp705">607dp</dimen>
<dimen name="dp706">608dp</dimen>
<dimen name="dp707">609dp</dimen>
<dimen name="dp708">610dp</dimen>
<dimen name="dp709">611dp</dimen>
<dimen name="dp710">611dp</dimen>
<dimen name="dp711">612dp</dimen>
<dimen name="dp712">613dp</dimen>
<dimen name="dp713">614dp</dimen>
<dimen name="dp714">615dp</dimen>
<dimen name="dp715">616dp</dimen>
<dimen name="dp716">617dp</dimen>
<dimen name="dp717">617dp</dimen>
<dimen name="dp718">618dp</dimen>
<dimen name="dp719">619dp</dimen>
<dimen name="dp720">620dp</dimen>
<dimen name="dp721">621dp</dimen>
<dimen name="dp722">622dp</dimen>
<dimen name="dp723">623dp</dimen>
<dimen name="dp724">623dp</dimen>
<dimen name="dp725">624dp</dimen>
<dimen name="dp726">625dp</dimen>
<dimen name="dp727">626dp</dimen>
<dimen name="dp728">627dp</dimen>
<dimen name="dp729">628dp</dimen>
<dimen name="dp730">629dp</dimen>
<dimen name="dp731">629dp</dimen>
<dimen name="dp732">630dp</dimen>
<dimen name="dp733">631dp</dimen>
<dimen name="dp734">632dp</dimen>
<dimen name="dp735">633dp</dimen>
<dimen name="dp736">634dp</dimen>
<dimen name="dp737">635dp</dimen>
<dimen name="dp738">636dp</dimen>
<dimen name="dp739">636dp</dimen>
<dimen name="dp740">637dp</dimen>
<dimen name="dp741">638dp</dimen>
<dimen name="dp742">639dp</dimen>
<dimen name="dp743">640dp</dimen>
<dimen name="dp744">641dp</dimen>
<dimen name="dp745">642dp</dimen>
<dimen name="dp746">642dp</dimen>
<dimen name="dp747">643dp</dimen>
<dimen name="dp748">644dp</dimen>
<dimen name="dp749">645dp</dimen>
<dimen name="dp750">646dp</dimen>
<dimen name="dp751">647dp</dimen>
<dimen name="dp752">648dp</dimen>
<dimen name="dp753">648dp</dimen>
<dimen name="dp754">649dp</dimen>
<dimen name="dp755">650dp</dimen>
<dimen name="dp756">651dp</dimen>
<dimen name="dp757">652dp</dimen>
<dimen name="dp758">653dp</dimen>
<dimen name="dp759">654dp</dimen>
<dimen name="dp760">654dp</dimen>
<dimen name="dp761">655dp</dimen>
<dimen name="dp762">656dp</dimen>
<dimen name="dp763">657dp</dimen>
<dimen name="dp764">658dp</dimen>
<dimen name="dp765">659dp</dimen>
<dimen name="dp766">660dp</dimen>
<dimen name="dp767">660dp</dimen>
<dimen name="dp768">661dp</dimen>
<dimen name="dp769">662dp</dimen>
<dimen name="dp770">663dp</dimen>
<dimen name="dp771">664dp</dimen>
<dimen name="dp772">665dp</dimen>
<dimen name="dp773">666dp</dimen>
<dimen name="dp774">667dp</dimen>
<dimen name="dp775">667dp</dimen>
<dimen name="dp776">668dp</dimen>
<dimen name="dp777">669dp</dimen>
<dimen name="dp778">670dp</dimen>
<dimen name="dp779">671dp</dimen>
<dimen name="dp780">672dp</dimen>
<dimen name="dp781">673dp</dimen>
<dimen name="dp782">673dp</dimen>
<dimen name="dp783">674dp</dimen>
<dimen name="dp784">675dp</dimen>
<dimen name="dp785">676dp</dimen>
<dimen name="dp786">677dp</dimen>
<dimen name="dp787">678dp</dimen>
<dimen name="dp788">679dp</dimen>
<dimen name="dp789">679dp</dimen>
<dimen name="dp790">680dp</dimen>
<dimen name="dp791">681dp</dimen>
<dimen name="dp792">682dp</dimen>
<dimen name="dp793">683dp</dimen>
<dimen name="dp794">684dp</dimen>
<dimen name="dp795">685dp</dimen>
<dimen name="dp796">685dp</dimen>
<dimen name="dp797">686dp</dimen>
<dimen name="dp798">687dp</dimen>
<dimen name="dp799">688dp</dimen>
<dimen name="dp800">689dp</dimen>
<dimen name="dp801">690dp</dimen>
<dimen name="dp802">691dp</dimen>
<dimen name="dp803">691dp</dimen>
<dimen name="dp804">692dp</dimen>
<dimen name="dp805">693dp</dimen>
<dimen name="dp806">694dp</dimen>
<dimen name="dp807">695dp</dimen>
<dimen name="dp808">696dp</dimen>
<dimen name="dp809">697dp</dimen>
<dimen name="dp810">698dp</dimen>
<dimen name="dp811">698dp</dimen>
<dimen name="dp812">699dp</dimen>
<dimen name="dp813">700dp</dimen>
<dimen name="dp814">701dp</dimen>
<dimen name="dp815">702dp</dimen>
<dimen name="dp816">703dp</dimen>
<dimen name="dp817">704dp</dimen>
<dimen name="dp818">704dp</dimen>
<dimen name="dp819">705dp</dimen>
<dimen name="dp820">706dp</dimen>
<dimen name="dp821">707dp</dimen>
<dimen name="dp822">708dp</dimen>
<dimen name="dp823">709dp</dimen>
<dimen name="dp824">710dp</dimen>
<dimen name="dp825">710dp</dimen>
<dimen name="dp826">711dp</dimen>
<dimen name="dp827">712dp</dimen>
<dimen name="dp828">713dp</dimen>
<dimen name="dp829">714dp</dimen>
<dimen name="dp830">715dp</dimen>
<dimen name="dp831">716dp</dimen>
<dimen name="dp832">716dp</dimen>
<dimen name="dp833">717dp</dimen>
<dimen name="dp834">718dp</dimen>
<dimen name="dp835">719dp</dimen>
<dimen name="dp836">720dp</dimen>
<dimen name="dp837">721dp</dimen>
<dimen name="dp838">722dp</dimen>
<dimen name="dp839">722dp</dimen>
<dimen name="dp840">723dp</dimen>
<dimen name="dp841">724dp</dimen>
<dimen name="dp842">725dp</dimen>
<dimen name="dp843">726dp</dimen>
<dimen name="dp844">727dp</dimen>
<dimen name="dp845">728dp</dimen>
<dimen name="dp846">729dp</dimen>
<dimen name="dp847">729dp</dimen>
<dimen name="dp848">730dp</dimen>
<dimen name="dp849">731dp</dimen>
<dimen name="dp850">732dp</dimen>
<dimen name="dp851">733dp</dimen>
<dimen name="dp852">734dp</dimen>
<dimen name="dp853">735dp</dimen>
<dimen name="dp854">735dp</dimen>
<dimen name="dp855">736dp</dimen>
<dimen name="dp856">737dp</dimen>
<dimen name="dp857">738dp</dimen>
<dimen name="dp858">739dp</dimen>
<dimen name="dp859">740dp</dimen>
<dimen name="dp860">741dp</dimen>
<dimen name="dp861">741dp</dimen>
<dimen name="dp862">742dp</dimen>
<dimen name="dp863">743dp</dimen>
<dimen name="dp864">744dp</dimen>
<dimen name="dp865">745dp</dimen>
<dimen name="dp866">746dp</dimen>
<dimen name="dp867">747dp</dimen>
<dimen name="dp868">747dp</dimen>
<dimen name="dp869">748dp</dimen>
<dimen name="dp870">749dp</dimen>
<dimen name="dp871">750dp</dimen>
<dimen name="dp872">751dp</dimen>
<dimen name="dp873">752dp</dimen>
<dimen name="dp874">753dp</dimen>
<dimen name="dp875">753dp</dimen>
<dimen name="dp876">754dp</dimen>
<dimen name="dp877">755dp</dimen>
<dimen name="dp878">756dp</dimen>
<dimen name="dp879">757dp</dimen>
<dimen name="dp880">758dp</dimen>
<dimen name="dp881">759dp</dimen>
<dimen name="dp882">760dp</dimen>
<dimen name="dp883">760dp</dimen>
<dimen name="dp884">761dp</dimen>
<dimen name="dp885">762dp</dimen>
<dimen name="dp886">763dp</dimen>
<dimen name="dp887">764dp</dimen>
<dimen name="dp888">765dp</dimen>
<dimen name="dp889">766dp</dimen>
<dimen name="dp890">766dp</dimen>
<dimen name="dp891">767dp</dimen>
<dimen name="dp892">768dp</dimen>
<dimen name="dp893">769dp</dimen>
<dimen name="dp894">770dp</dimen>
<dimen name="dp895">771dp</dimen>
<dimen name="dp896">772dp</dimen>
<dimen name="dp897">772dp</dimen>
<dimen name="dp898">773dp</dimen>
<dimen name="dp899">774dp</dimen>
<dimen name="dp900">775dp</dimen>
<dimen name="dp901">776dp</dimen>
<dimen name="dp902">777dp</dimen>
<dimen name="dp903">778dp</dimen>
<dimen name="dp904">778dp</dimen>
<dimen name="dp905">779dp</dimen>
<dimen name="dp906">780dp</dimen>
<dimen name="dp907">781dp</dimen>
<dimen name="dp908">782dp</dimen>
<dimen name="dp909">783dp</dimen>
<dimen name="dp910">784dp</dimen>
<dimen name="dp911">784dp</dimen>
<dimen name="dp912">785dp</dimen>
<dimen name="dp913">786dp</dimen>
<dimen name="dp914">787dp</dimen>
<dimen name="dp915">788dp</dimen>
<dimen name="dp916">789dp</dimen>
<dimen name="dp917">790dp</dimen>
<dimen name="dp918">791dp</dimen>
<dimen name="dp919">791dp</dimen>
<dimen name="dp920">792dp</dimen>
<dimen name="dp921">793dp</dimen>
<dimen name="dp922">794dp</dimen>
<dimen name="dp923">795dp</dimen>
<dimen name="dp924">796dp</dimen>
<dimen name="dp925">797dp</dimen>
<dimen name="dp926">797dp</dimen>
<dimen name="dp927">798dp</dimen>
<dimen name="dp928">799dp</dimen>
<dimen name="dp929">800dp</dimen>
<dimen name="dp930">801dp</dimen>
<dimen name="dp931">802dp</dimen>
<dimen name="dp932">803dp</dimen>
<dimen name="dp933">803dp</dimen>
<dimen name="dp934">804dp</dimen>
<dimen name="dp935">805dp</dimen>
<dimen name="dp936">806dp</dimen>
<dimen name="dp937">807dp</dimen>
<dimen name="dp938">808dp</dimen>
<dimen name="dp939">809dp</dimen>
<dimen name="dp940">809dp</dimen>
<dimen name="dp941">810dp</dimen>
<dimen name="dp942">811dp</dimen>
<dimen name="dp943">812dp</dimen>
<dimen name="dp944">813dp</dimen>
<dimen name="dp945">814dp</dimen>
<dimen name="dp946">815dp</dimen>
<dimen name="dp947">815dp</dimen>
<dimen name="dp948">816dp</dimen>
<dimen name="dp949">817dp</dimen>
<dimen name="dp950">818dp</dimen>
<dimen name="dp951">819dp</dimen>
<dimen name="dp952">820dp</dimen>
<dimen name="dp953">821dp</dimen>
<dimen name="dp954">822dp</dimen>
<dimen name="dp955">822dp</dimen>
<dimen name="dp956">823dp</dimen>
<dimen name="dp957">824dp</dimen>
<dimen name="dp958">825dp</dimen>
<dimen name="dp959">826dp</dimen>
<dimen name="dp960">827dp</dimen>
<dimen name="dp961">828dp</dimen>
<dimen name="dp962">828dp</dimen>
<dimen name="dp963">829dp</dimen>
<dimen name="dp964">830dp</dimen>
<dimen name="dp965">831dp</dimen>
<dimen name="dp966">832dp</dimen>
<dimen name="dp967">833dp</dimen>
<dimen name="dp968">834dp</dimen>
<dimen name="dp969">834dp</dimen>
<dimen name="dp970">835dp</dimen>
<dimen name="dp971">836dp</dimen>
<dimen name="dp972">837dp</dimen>
<dimen name="dp973">838dp</dimen>
<dimen name="dp974">839dp</dimen>
<dimen name="dp975">840dp</dimen>
<dimen name="dp976">840dp</dimen>
<dimen name="dp977">841dp</dimen>
<dimen name="dp978">842dp</dimen>
<dimen name="dp979">843dp</dimen>
<dimen name="dp980">844dp</dimen>
<dimen name="dp981">845dp</dimen>
<dimen name="dp982">846dp</dimen>
<dimen name="dp983">846dp</dimen>
<dimen name="dp984">847dp</dimen>
<dimen name="dp985">848dp</dimen>
<dimen name="dp986">849dp</dimen>
<dimen name="dp987">850dp</dimen>
<dimen name="dp988">851dp</dimen>
<dimen name="dp989">852dp</dimen>
<dimen name="dp990">853dp</dimen>
<dimen name="dp991">853dp</dimen>
<dimen name="dp992">854dp</dimen>
<dimen name="dp993">855dp</dimen>
<dimen name="dp994">856dp</dimen>
<dimen name="dp995">857dp</dimen>
<dimen name="dp996">858dp</dimen>
<dimen name="dp997">859dp</dimen>
<dimen name="dp998">859dp</dimen>
<dimen name="dp999">860dp</dimen>
<dimen name="dp1000">861dp</dimen>
<dimen name="sp1">1sp</dimen>
<dimen name="sp2">2sp</dimen>
<dimen name="sp3">3sp</dimen>
<dimen name="sp4">3sp</dimen>
<dimen name="sp5">4sp</dimen>
<dimen name="sp6">5sp</dimen>
<dimen name="sp7">6sp</dimen>
<dimen name="sp8">7sp</dimen>
<dimen name="sp9">8sp</dimen>
<dimen name="sp10">9sp</dimen>
<dimen name="sp11">9sp</dimen>
<dimen name="sp12">10sp</dimen>
<dimen name="sp13">11sp</dimen>
<dimen name="sp14">12sp</dimen>
<dimen name="sp15">13sp</dimen>
<dimen name="sp16">14sp</dimen>
<dimen name="sp17">15sp</dimen>
<dimen name="sp18">16sp</dimen>
<dimen name="sp19">16sp</dimen>
<dimen name="sp20">17sp</dimen>
<dimen name="sp21">18sp</dimen>
<dimen name="sp22">19sp</dimen>
<dimen name="sp23">20sp</dimen>
<dimen name="sp24">21sp</dimen>
<dimen name="sp25">22sp</dimen>
<dimen name="sp26">22sp</dimen>
<dimen name="sp27">23sp</dimen>
<dimen name="sp28">24sp</dimen>
<dimen name="sp29">25sp</dimen>
<dimen name="sp30">26sp</dimen>
<dimen name="sp31">27sp</dimen>
<dimen name="sp32">28sp</dimen>
<dimen name="sp33">28sp</dimen>
<dimen name="sp34">29sp</dimen>
<dimen name="sp35">30sp</dimen>
<dimen name="sp36">31sp</dimen>
<dimen name="sp37">32sp</dimen>
<dimen name="sp38">33sp</dimen>
<dimen name="sp39">34sp</dimen>
<dimen name="sp40">34sp</dimen>
<dimen name="sp41">35sp</dimen>
<dimen name="sp42">36sp</dimen>
<dimen name="sp43">37sp</dimen>
<dimen name="sp44">38sp</dimen>
<dimen name="sp45">39sp</dimen>
<dimen name="sp46">40sp</dimen>
<dimen name="sp47">40sp</dimen>
<dimen name="sp48">41sp</dimen>
<dimen name="sp49">42sp</dimen>
<dimen name="sp50">43sp</dimen>
<dimen name="dpneg25">-22dp</dimen>
<dimen name="dpneg24">-21dp</dimen>
<dimen name="dpneg23">-20dp</dimen>
<dimen name="dpneg22">-19dp</dimen>
<dimen name="dpneg21">-18dp</dimen>
<dimen name="dpneg20">-17dp</dimen>
<dimen name="dpneg19">-16dp</dimen>
<dimen name="dpneg18">-15dp</dimen>
<dimen name="dpneg17">-15dp</dimen>
<dimen name="dpneg16">-14dp</dimen>
<dimen name="dpneg15">-13dp</dimen>
<dimen name="dpneg14">-12dp</dimen>
<dimen name="dpneg13">-11dp</dimen>
<dimen name="dpneg12">-10dp</dimen>
<dimen name="dpneg11">-9dp</dimen>
<dimen name="dpneg10">-9dp</dimen>
<dimen name="dpneg9">-8dp</dimen>
<dimen name="dpneg8">-7dp</dimen>
<dimen name="dpneg7">-6dp</dimen>
<dimen name="dpneg6">-5dp</dimen>
<dimen name="dpneg5">-4dp</dimen>
<dimen name="dpneg4">-3dp</dimen>
<dimen name="dpneg3">-3dp</dimen>
<dimen name="dpneg2">-2dp</dimen>
<dimen name="dpneg1">-1dp</dimen>
</resources>
