<?xml version="1.0" encoding="utf-8"?>
<resources>
<dimen name="dp1">1dp</dimen>
<dimen name="dp2">2dp</dimen>
<dimen name="dp3">3dp</dimen>
<dimen name="dp4">4dp</dimen>
<dimen name="dp5">5dp</dimen>
<dimen name="dp6">6dp</dimen>
<dimen name="dp7">7dp</dimen>
<dimen name="dp8">8dp</dimen>
<dimen name="dp9">9dp</dimen>
<dimen name="dp10">10dp</dimen>
<dimen name="dp11">11dp</dimen>
<dimen name="dp12">12dp</dimen>
<dimen name="dp13">13dp</dimen>
<dimen name="dp14">14dp</dimen>
<dimen name="dp15">15dp</dimen>
<dimen name="dp16">16dp</dimen>
<dimen name="dp17">17dp</dimen>
<dimen name="dp18">18dp</dimen>
<dimen name="dp19">19dp</dimen>
<dimen name="dp20">20dp</dimen>
<dimen name="dp21">21dp</dimen>
<dimen name="dp22">22dp</dimen>
<dimen name="dp23">23dp</dimen>
<dimen name="dp24">24dp</dimen>
<dimen name="dp25">25dp</dimen>
<dimen name="dp26">26dp</dimen>
<dimen name="dp27">27dp</dimen>
<dimen name="dp28">28dp</dimen>
<dimen name="dp29">29dp</dimen>
<dimen name="dp30">30dp</dimen>
<dimen name="dp31">31dp</dimen>
<dimen name="dp32">32dp</dimen>
<dimen name="dp33">33dp</dimen>
<dimen name="dp34">34dp</dimen>
<dimen name="dp35">35dp</dimen>
<dimen name="dp36">36dp</dimen>
<dimen name="dp37">37dp</dimen>
<dimen name="dp38">38dp</dimen>
<dimen name="dp39">39dp</dimen>
<dimen name="dp40">40dp</dimen>
<dimen name="dp41">41dp</dimen>
<dimen name="dp42">42dp</dimen>
<dimen name="dp43">43dp</dimen>
<dimen name="dp44">44dp</dimen>
<dimen name="dp45">45dp</dimen>
<dimen name="dp46">46dp</dimen>
<dimen name="dp47">47dp</dimen>
<dimen name="dp48">48dp</dimen>
<dimen name="dp49">49dp</dimen>
<dimen name="dp50">50dp</dimen>
<dimen name="dp51">51dp</dimen>
<dimen name="dp52">52dp</dimen>
<dimen name="dp53">53dp</dimen>
<dimen name="dp54">54dp</dimen>
<dimen name="dp55">55dp</dimen>
<dimen name="dp56">56dp</dimen>
<dimen name="dp57">57dp</dimen>
<dimen name="dp58">58dp</dimen>
<dimen name="dp59">59dp</dimen>
<dimen name="dp60">60dp</dimen>
<dimen name="dp61">61dp</dimen>
<dimen name="dp62">62dp</dimen>
<dimen name="dp63">63dp</dimen>
<dimen name="dp64">64dp</dimen>
<dimen name="dp65">65dp</dimen>
<dimen name="dp66">66dp</dimen>
<dimen name="dp67">67dp</dimen>
<dimen name="dp68">68dp</dimen>
<dimen name="dp69">69dp</dimen>
<dimen name="dp70">70dp</dimen>
<dimen name="dp71">71dp</dimen>
<dimen name="dp72">72dp</dimen>
<dimen name="dp73">73dp</dimen>
<dimen name="dp74">74dp</dimen>
<dimen name="dp75">75dp</dimen>
<dimen name="dp76">76dp</dimen>
<dimen name="dp77">77dp</dimen>
<dimen name="dp78">78dp</dimen>
<dimen name="dp79">79dp</dimen>
<dimen name="dp80">80dp</dimen>
<dimen name="dp81">81dp</dimen>
<dimen name="dp82">82dp</dimen>
<dimen name="dp83">83dp</dimen>
<dimen name="dp84">84dp</dimen>
<dimen name="dp85">85dp</dimen>
<dimen name="dp86">86dp</dimen>
<dimen name="dp87">87dp</dimen>
<dimen name="dp88">88dp</dimen>
<dimen name="dp89">89dp</dimen>
<dimen name="dp90">90dp</dimen>
<dimen name="dp91">91dp</dimen>
<dimen name="dp92">92dp</dimen>
<dimen name="dp93">93dp</dimen>
<dimen name="dp94">94dp</dimen>
<dimen name="dp95">95dp</dimen>
<dimen name="dp96">96dp</dimen>
<dimen name="dp97">97dp</dimen>
<dimen name="dp98">98dp</dimen>
<dimen name="dp99">99dp</dimen>
<dimen name="dp100">100dp</dimen>
<dimen name="dp101">101dp</dimen>
<dimen name="dp102">102dp</dimen>
<dimen name="dp103">103dp</dimen>
<dimen name="dp104">104dp</dimen>
<dimen name="dp105">105dp</dimen>
<dimen name="dp106">106dp</dimen>
<dimen name="dp107">107dp</dimen>
<dimen name="dp108">108dp</dimen>
<dimen name="dp109">109dp</dimen>
<dimen name="dp110">110dp</dimen>
<dimen name="dp111">111dp</dimen>
<dimen name="dp112">112dp</dimen>
<dimen name="dp113">113dp</dimen>
<dimen name="dp114">114dp</dimen>
<dimen name="dp115">115dp</dimen>
<dimen name="dp116">116dp</dimen>
<dimen name="dp117">117dp</dimen>
<dimen name="dp118">118dp</dimen>
<dimen name="dp119">119dp</dimen>
<dimen name="dp120">120dp</dimen>
<dimen name="dp121">121dp</dimen>
<dimen name="dp122">122dp</dimen>
<dimen name="dp123">123dp</dimen>
<dimen name="dp124">124dp</dimen>
<dimen name="dp125">125dp</dimen>
<dimen name="dp126">126dp</dimen>
<dimen name="dp127">127dp</dimen>
<dimen name="dp128">128dp</dimen>
<dimen name="dp129">129dp</dimen>
<dimen name="dp130">130dp</dimen>
<dimen name="dp131">131dp</dimen>
<dimen name="dp132">132dp</dimen>
<dimen name="dp133">133dp</dimen>
<dimen name="dp134">134dp</dimen>
<dimen name="dp135">135dp</dimen>
<dimen name="dp136">136dp</dimen>
<dimen name="dp137">137dp</dimen>
<dimen name="dp138">138dp</dimen>
<dimen name="dp139">139dp</dimen>
<dimen name="dp140">140dp</dimen>
<dimen name="dp141">141dp</dimen>
<dimen name="dp142">142dp</dimen>
<dimen name="dp143">143dp</dimen>
<dimen name="dp144">144dp</dimen>
<dimen name="dp145">145dp</dimen>
<dimen name="dp146">146dp</dimen>
<dimen name="dp147">147dp</dimen>
<dimen name="dp148">148dp</dimen>
<dimen name="dp149">149dp</dimen>
<dimen name="dp150">150dp</dimen>
<dimen name="dp151">151dp</dimen>
<dimen name="dp152">152dp</dimen>
<dimen name="dp153">153dp</dimen>
<dimen name="dp154">154dp</dimen>
<dimen name="dp155">155dp</dimen>
<dimen name="dp156">156dp</dimen>
<dimen name="dp157">157dp</dimen>
<dimen name="dp158">158dp</dimen>
<dimen name="dp159">159dp</dimen>
<dimen name="dp160">160dp</dimen>
<dimen name="dp161">161dp</dimen>
<dimen name="dp162">162dp</dimen>
<dimen name="dp163">163dp</dimen>
<dimen name="dp164">164dp</dimen>
<dimen name="dp165">165dp</dimen>
<dimen name="dp166">166dp</dimen>
<dimen name="dp167">167dp</dimen>
<dimen name="dp168">168dp</dimen>
<dimen name="dp169">169dp</dimen>
<dimen name="dp170">170dp</dimen>
<dimen name="dp171">171dp</dimen>
<dimen name="dp172">172dp</dimen>
<dimen name="dp173">173dp</dimen>
<dimen name="dp174">174dp</dimen>
<dimen name="dp175">175dp</dimen>
<dimen name="dp176">176dp</dimen>
<dimen name="dp177">177dp</dimen>
<dimen name="dp178">178dp</dimen>
<dimen name="dp179">179dp</dimen>
<dimen name="dp180">180dp</dimen>
<dimen name="dp181">181dp</dimen>
<dimen name="dp182">182dp</dimen>
<dimen name="dp183">183dp</dimen>
<dimen name="dp184">184dp</dimen>
<dimen name="dp185">185dp</dimen>
<dimen name="dp186">186dp</dimen>
<dimen name="dp187">187dp</dimen>
<dimen name="dp188">188dp</dimen>
<dimen name="dp189">189dp</dimen>
<dimen name="dp190">190dp</dimen>
<dimen name="dp191">191dp</dimen>
<dimen name="dp192">192dp</dimen>
<dimen name="dp193">193dp</dimen>
<dimen name="dp194">194dp</dimen>
<dimen name="dp195">195dp</dimen>
<dimen name="dp196">196dp</dimen>
<dimen name="dp197">197dp</dimen>
<dimen name="dp198">198dp</dimen>
<dimen name="dp199">199dp</dimen>
<dimen name="dp200">200dp</dimen>
<dimen name="dp201">201dp</dimen>
<dimen name="dp202">202dp</dimen>
<dimen name="dp203">203dp</dimen>
<dimen name="dp204">204dp</dimen>
<dimen name="dp205">205dp</dimen>
<dimen name="dp206">206dp</dimen>
<dimen name="dp207">207dp</dimen>
<dimen name="dp208">208dp</dimen>
<dimen name="dp209">209dp</dimen>
<dimen name="dp210">210dp</dimen>
<dimen name="dp211">211dp</dimen>
<dimen name="dp212">212dp</dimen>
<dimen name="dp213">213dp</dimen>
<dimen name="dp214">214dp</dimen>
<dimen name="dp215">215dp</dimen>
<dimen name="dp216">216dp</dimen>
<dimen name="dp217">217dp</dimen>
<dimen name="dp218">218dp</dimen>
<dimen name="dp219">219dp</dimen>
<dimen name="dp220">220dp</dimen>
<dimen name="dp221">221dp</dimen>
<dimen name="dp222">222dp</dimen>
<dimen name="dp223">223dp</dimen>
<dimen name="dp224">224dp</dimen>
<dimen name="dp225">225dp</dimen>
<dimen name="dp226">226dp</dimen>
<dimen name="dp227">227dp</dimen>
<dimen name="dp228">228dp</dimen>
<dimen name="dp229">229dp</dimen>
<dimen name="dp230">230dp</dimen>
<dimen name="dp231">231dp</dimen>
<dimen name="dp232">232dp</dimen>
<dimen name="dp233">233dp</dimen>
<dimen name="dp234">234dp</dimen>
<dimen name="dp235">235dp</dimen>
<dimen name="dp236">236dp</dimen>
<dimen name="dp237">237dp</dimen>
<dimen name="dp238">238dp</dimen>
<dimen name="dp239">239dp</dimen>
<dimen name="dp240">240dp</dimen>
<dimen name="dp241">241dp</dimen>
<dimen name="dp242">242dp</dimen>
<dimen name="dp243">243dp</dimen>
<dimen name="dp244">244dp</dimen>
<dimen name="dp245">245dp</dimen>
<dimen name="dp246">246dp</dimen>
<dimen name="dp247">247dp</dimen>
<dimen name="dp248">248dp</dimen>
<dimen name="dp249">249dp</dimen>
<dimen name="dp250">250dp</dimen>
<dimen name="dp251">251dp</dimen>
<dimen name="dp252">252dp</dimen>
<dimen name="dp253">253dp</dimen>
<dimen name="dp254">254dp</dimen>
<dimen name="dp255">255dp</dimen>
<dimen name="dp256">256dp</dimen>
<dimen name="dp257">257dp</dimen>
<dimen name="dp258">258dp</dimen>
<dimen name="dp259">259dp</dimen>
<dimen name="dp260">260dp</dimen>
<dimen name="dp261">261dp</dimen>
<dimen name="dp262">262dp</dimen>
<dimen name="dp263">263dp</dimen>
<dimen name="dp264">264dp</dimen>
<dimen name="dp265">265dp</dimen>
<dimen name="dp266">266dp</dimen>
<dimen name="dp267">267dp</dimen>
<dimen name="dp268">268dp</dimen>
<dimen name="dp269">269dp</dimen>
<dimen name="dp270">270dp</dimen>
<dimen name="dp271">271dp</dimen>
<dimen name="dp272">272dp</dimen>
<dimen name="dp273">273dp</dimen>
<dimen name="dp274">274dp</dimen>
<dimen name="dp275">275dp</dimen>
<dimen name="dp276">276dp</dimen>
<dimen name="dp277">277dp</dimen>
<dimen name="dp278">278dp</dimen>
<dimen name="dp279">279dp</dimen>
<dimen name="dp280">280dp</dimen>
<dimen name="dp281">281dp</dimen>
<dimen name="dp282">282dp</dimen>
<dimen name="dp283">283dp</dimen>
<dimen name="dp284">284dp</dimen>
<dimen name="dp285">285dp</dimen>
<dimen name="dp286">286dp</dimen>
<dimen name="dp287">287dp</dimen>
<dimen name="dp288">288dp</dimen>
<dimen name="dp289">289dp</dimen>
<dimen name="dp290">290dp</dimen>
<dimen name="dp291">291dp</dimen>
<dimen name="dp292">292dp</dimen>
<dimen name="dp293">293dp</dimen>
<dimen name="dp294">294dp</dimen>
<dimen name="dp295">295dp</dimen>
<dimen name="dp296">296dp</dimen>
<dimen name="dp297">297dp</dimen>
<dimen name="dp298">298dp</dimen>
<dimen name="dp299">299dp</dimen>
<dimen name="dp300">300dp</dimen>
<dimen name="dp301">301dp</dimen>
<dimen name="dp302">302dp</dimen>
<dimen name="dp303">303dp</dimen>
<dimen name="dp304">304dp</dimen>
<dimen name="dp305">305dp</dimen>
<dimen name="dp306">306dp</dimen>
<dimen name="dp307">307dp</dimen>
<dimen name="dp308">308dp</dimen>
<dimen name="dp309">309dp</dimen>
<dimen name="dp310">310dp</dimen>
<dimen name="dp311">311dp</dimen>
<dimen name="dp312">312dp</dimen>
<dimen name="dp313">313dp</dimen>
<dimen name="dp314">314dp</dimen>
<dimen name="dp315">315dp</dimen>
<dimen name="dp316">316dp</dimen>
<dimen name="dp317">317dp</dimen>
<dimen name="dp318">318dp</dimen>
<dimen name="dp319">319dp</dimen>
<dimen name="dp320">320dp</dimen>
<dimen name="dp321">321dp</dimen>
<dimen name="dp322">322dp</dimen>
<dimen name="dp323">323dp</dimen>
<dimen name="dp324">324dp</dimen>
<dimen name="dp325">325dp</dimen>
<dimen name="dp326">326dp</dimen>
<dimen name="dp327">327dp</dimen>
<dimen name="dp328">328dp</dimen>
<dimen name="dp329">329dp</dimen>
<dimen name="dp330">330dp</dimen>
<dimen name="dp331">331dp</dimen>
<dimen name="dp332">332dp</dimen>
<dimen name="dp333">333dp</dimen>
<dimen name="dp334">334dp</dimen>
<dimen name="dp335">335dp</dimen>
<dimen name="dp336">336dp</dimen>
<dimen name="dp337">337dp</dimen>
<dimen name="dp338">338dp</dimen>
<dimen name="dp339">339dp</dimen>
<dimen name="dp340">340dp</dimen>
<dimen name="dp341">341dp</dimen>
<dimen name="dp342">342dp</dimen>
<dimen name="dp343">343dp</dimen>
<dimen name="dp344">344dp</dimen>
<dimen name="dp345">345dp</dimen>
<dimen name="dp346">346dp</dimen>
<dimen name="dp347">347dp</dimen>
<dimen name="dp348">348dp</dimen>
<dimen name="dp349">349dp</dimen>
<dimen name="dp350">350dp</dimen>
<dimen name="dp351">351dp</dimen>
<dimen name="dp352">352dp</dimen>
<dimen name="dp353">353dp</dimen>
<dimen name="dp354">354dp</dimen>
<dimen name="dp355">355dp</dimen>
<dimen name="dp356">356dp</dimen>
<dimen name="dp357">357dp</dimen>
<dimen name="dp358">358dp</dimen>
<dimen name="dp359">359dp</dimen>
<dimen name="dp360">360dp</dimen>
<dimen name="dp361">361dp</dimen>
<dimen name="dp362">362dp</dimen>
<dimen name="dp363">363dp</dimen>
<dimen name="dp364">364dp</dimen>
<dimen name="dp365">365dp</dimen>
<dimen name="dp366">366dp</dimen>
<dimen name="dp367">367dp</dimen>
<dimen name="dp368">368dp</dimen>
<dimen name="dp369">369dp</dimen>
<dimen name="dp370">370dp</dimen>
<dimen name="dp371">371dp</dimen>
<dimen name="dp372">372dp</dimen>
<dimen name="dp373">373dp</dimen>
<dimen name="dp374">374dp</dimen>
<dimen name="dp375">375dp</dimen>
<dimen name="dp376">376dp</dimen>
<dimen name="dp377">377dp</dimen>
<dimen name="dp378">378dp</dimen>
<dimen name="dp379">379dp</dimen>
<dimen name="dp380">380dp</dimen>
<dimen name="dp381">381dp</dimen>
<dimen name="dp382">382dp</dimen>
<dimen name="dp383">383dp</dimen>
<dimen name="dp384">384dp</dimen>
<dimen name="dp385">385dp</dimen>
<dimen name="dp386">386dp</dimen>
<dimen name="dp387">387dp</dimen>
<dimen name="dp388">388dp</dimen>
<dimen name="dp389">389dp</dimen>
<dimen name="dp390">390dp</dimen>
<dimen name="dp391">391dp</dimen>
<dimen name="dp392">392dp</dimen>
<dimen name="dp393">393dp</dimen>
<dimen name="dp394">394dp</dimen>
<dimen name="dp395">395dp</dimen>
<dimen name="dp396">396dp</dimen>
<dimen name="dp397">397dp</dimen>
<dimen name="dp398">398dp</dimen>
<dimen name="dp399">399dp</dimen>
<dimen name="dp400">400dp</dimen>
<dimen name="dp401">401dp</dimen>
<dimen name="dp402">402dp</dimen>
<dimen name="dp403">403dp</dimen>
<dimen name="dp404">404dp</dimen>
<dimen name="dp405">405dp</dimen>
<dimen name="dp406">406dp</dimen>
<dimen name="dp407">407dp</dimen>
<dimen name="dp408">408dp</dimen>
<dimen name="dp409">409dp</dimen>
<dimen name="dp410">410dp</dimen>
<dimen name="dp411">411dp</dimen>
<dimen name="dp412">412dp</dimen>
<dimen name="dp413">413dp</dimen>
<dimen name="dp414">414dp</dimen>
<dimen name="dp415">415dp</dimen>
<dimen name="dp416">416dp</dimen>
<dimen name="dp417">417dp</dimen>
<dimen name="dp418">418dp</dimen>
<dimen name="dp419">419dp</dimen>
<dimen name="dp420">420dp</dimen>
<dimen name="dp421">421dp</dimen>
<dimen name="dp422">422dp</dimen>
<dimen name="dp423">423dp</dimen>
<dimen name="dp424">424dp</dimen>
<dimen name="dp425">425dp</dimen>
<dimen name="dp426">426dp</dimen>
<dimen name="dp427">427dp</dimen>
<dimen name="dp428">428dp</dimen>
<dimen name="dp429">429dp</dimen>
<dimen name="dp430">430dp</dimen>
<dimen name="dp431">431dp</dimen>
<dimen name="dp432">432dp</dimen>
<dimen name="dp433">433dp</dimen>
<dimen name="dp434">434dp</dimen>
<dimen name="dp435">435dp</dimen>
<dimen name="dp436">436dp</dimen>
<dimen name="dp437">437dp</dimen>
<dimen name="dp438">438dp</dimen>
<dimen name="dp439">439dp</dimen>
<dimen name="dp440">440dp</dimen>
<dimen name="dp441">441dp</dimen>
<dimen name="dp442">442dp</dimen>
<dimen name="dp443">443dp</dimen>
<dimen name="dp444">444dp</dimen>
<dimen name="dp445">445dp</dimen>
<dimen name="dp446">446dp</dimen>
<dimen name="dp447">447dp</dimen>
<dimen name="dp448">448dp</dimen>
<dimen name="dp449">449dp</dimen>
<dimen name="dp450">450dp</dimen>
<dimen name="dp451">451dp</dimen>
<dimen name="dp452">452dp</dimen>
<dimen name="dp453">453dp</dimen>
<dimen name="dp454">454dp</dimen>
<dimen name="dp455">455dp</dimen>
<dimen name="dp456">456dp</dimen>
<dimen name="dp457">457dp</dimen>
<dimen name="dp458">458dp</dimen>
<dimen name="dp459">459dp</dimen>
<dimen name="dp460">460dp</dimen>
<dimen name="dp461">461dp</dimen>
<dimen name="dp462">462dp</dimen>
<dimen name="dp463">463dp</dimen>
<dimen name="dp464">464dp</dimen>
<dimen name="dp465">465dp</dimen>
<dimen name="dp466">466dp</dimen>
<dimen name="dp467">467dp</dimen>
<dimen name="dp468">468dp</dimen>
<dimen name="dp469">469dp</dimen>
<dimen name="dp470">470dp</dimen>
<dimen name="dp471">471dp</dimen>
<dimen name="dp472">472dp</dimen>
<dimen name="dp473">473dp</dimen>
<dimen name="dp474">474dp</dimen>
<dimen name="dp475">475dp</dimen>
<dimen name="dp476">476dp</dimen>
<dimen name="dp477">477dp</dimen>
<dimen name="dp478">478dp</dimen>
<dimen name="dp479">479dp</dimen>
<dimen name="dp480">480dp</dimen>
<dimen name="dp481">481dp</dimen>
<dimen name="dp482">482dp</dimen>
<dimen name="dp483">483dp</dimen>
<dimen name="dp484">484dp</dimen>
<dimen name="dp485">485dp</dimen>
<dimen name="dp486">486dp</dimen>
<dimen name="dp487">487dp</dimen>
<dimen name="dp488">488dp</dimen>
<dimen name="dp489">489dp</dimen>
<dimen name="dp490">490dp</dimen>
<dimen name="dp491">491dp</dimen>
<dimen name="dp492">492dp</dimen>
<dimen name="dp493">493dp</dimen>
<dimen name="dp494">494dp</dimen>
<dimen name="dp495">495dp</dimen>
<dimen name="dp496">496dp</dimen>
<dimen name="dp497">497dp</dimen>
<dimen name="dp498">498dp</dimen>
<dimen name="dp499">499dp</dimen>
<dimen name="dp500">500dp</dimen>
<dimen name="dp501">501dp</dimen>
<dimen name="dp502">502dp</dimen>
<dimen name="dp503">503dp</dimen>
<dimen name="dp504">504dp</dimen>
<dimen name="dp505">505dp</dimen>
<dimen name="dp506">506dp</dimen>
<dimen name="dp507">507dp</dimen>
<dimen name="dp508">508dp</dimen>
<dimen name="dp509">509dp</dimen>
<dimen name="dp510">510dp</dimen>
<dimen name="dp511">511dp</dimen>
<dimen name="dp512">512dp</dimen>
<dimen name="dp513">513dp</dimen>
<dimen name="dp514">514dp</dimen>
<dimen name="dp515">515dp</dimen>
<dimen name="dp516">516dp</dimen>
<dimen name="dp517">517dp</dimen>
<dimen name="dp518">518dp</dimen>
<dimen name="dp519">519dp</dimen>
<dimen name="dp520">520dp</dimen>
<dimen name="dp521">521dp</dimen>
<dimen name="dp522">522dp</dimen>
<dimen name="dp523">523dp</dimen>
<dimen name="dp524">524dp</dimen>
<dimen name="dp525">525dp</dimen>
<dimen name="dp526">526dp</dimen>
<dimen name="dp527">527dp</dimen>
<dimen name="dp528">528dp</dimen>
<dimen name="dp529">529dp</dimen>
<dimen name="dp530">530dp</dimen>
<dimen name="dp531">531dp</dimen>
<dimen name="dp532">532dp</dimen>
<dimen name="dp533">533dp</dimen>
<dimen name="dp534">534dp</dimen>
<dimen name="dp535">535dp</dimen>
<dimen name="dp536">536dp</dimen>
<dimen name="dp537">537dp</dimen>
<dimen name="dp538">538dp</dimen>
<dimen name="dp539">539dp</dimen>
<dimen name="dp540">540dp</dimen>
<dimen name="dp541">541dp</dimen>
<dimen name="dp542">542dp</dimen>
<dimen name="dp543">543dp</dimen>
<dimen name="dp544">544dp</dimen>
<dimen name="dp545">545dp</dimen>
<dimen name="dp546">546dp</dimen>
<dimen name="dp547">547dp</dimen>
<dimen name="dp548">548dp</dimen>
<dimen name="dp549">549dp</dimen>
<dimen name="dp550">550dp</dimen>
<dimen name="dp551">551dp</dimen>
<dimen name="dp552">552dp</dimen>
<dimen name="dp553">553dp</dimen>
<dimen name="dp554">554dp</dimen>
<dimen name="dp555">555dp</dimen>
<dimen name="dp556">556dp</dimen>
<dimen name="dp557">557dp</dimen>
<dimen name="dp558">558dp</dimen>
<dimen name="dp559">559dp</dimen>
<dimen name="dp560">560dp</dimen>
<dimen name="dp561">561dp</dimen>
<dimen name="dp562">562dp</dimen>
<dimen name="dp563">563dp</dimen>
<dimen name="dp564">564dp</dimen>
<dimen name="dp565">565dp</dimen>
<dimen name="dp566">566dp</dimen>
<dimen name="dp567">567dp</dimen>
<dimen name="dp568">568dp</dimen>
<dimen name="dp569">569dp</dimen>
<dimen name="dp570">570dp</dimen>
<dimen name="dp571">571dp</dimen>
<dimen name="dp572">572dp</dimen>
<dimen name="dp573">573dp</dimen>
<dimen name="dp574">574dp</dimen>
<dimen name="dp575">575dp</dimen>
<dimen name="dp576">576dp</dimen>
<dimen name="dp577">577dp</dimen>
<dimen name="dp578">578dp</dimen>
<dimen name="dp579">579dp</dimen>
<dimen name="dp580">580dp</dimen>
<dimen name="dp581">581dp</dimen>
<dimen name="dp582">582dp</dimen>
<dimen name="dp583">583dp</dimen>
<dimen name="dp584">584dp</dimen>
<dimen name="dp585">585dp</dimen>
<dimen name="dp586">586dp</dimen>
<dimen name="dp587">587dp</dimen>
<dimen name="dp588">588dp</dimen>
<dimen name="dp589">589dp</dimen>
<dimen name="dp590">590dp</dimen>
<dimen name="dp591">591dp</dimen>
<dimen name="dp592">592dp</dimen>
<dimen name="dp593">593dp</dimen>
<dimen name="dp594">594dp</dimen>
<dimen name="dp595">595dp</dimen>
<dimen name="dp596">596dp</dimen>
<dimen name="dp597">597dp</dimen>
<dimen name="dp598">598dp</dimen>
<dimen name="dp599">599dp</dimen>
<dimen name="dp600">600dp</dimen>
<dimen name="dp601">601dp</dimen>
<dimen name="dp602">602dp</dimen>
<dimen name="dp603">603dp</dimen>
<dimen name="dp604">604dp</dimen>
<dimen name="dp605">605dp</dimen>
<dimen name="dp606">606dp</dimen>
<dimen name="dp607">607dp</dimen>
<dimen name="dp608">608dp</dimen>
<dimen name="dp609">609dp</dimen>
<dimen name="dp610">610dp</dimen>
<dimen name="dp611">611dp</dimen>
<dimen name="dp612">612dp</dimen>
<dimen name="dp613">613dp</dimen>
<dimen name="dp614">614dp</dimen>
<dimen name="dp615">615dp</dimen>
<dimen name="dp616">616dp</dimen>
<dimen name="dp617">617dp</dimen>
<dimen name="dp618">618dp</dimen>
<dimen name="dp619">619dp</dimen>
<dimen name="dp620">620dp</dimen>
<dimen name="dp621">621dp</dimen>
<dimen name="dp622">622dp</dimen>
<dimen name="dp623">623dp</dimen>
<dimen name="dp624">624dp</dimen>
<dimen name="dp625">625dp</dimen>
<dimen name="dp626">626dp</dimen>
<dimen name="dp627">627dp</dimen>
<dimen name="dp628">628dp</dimen>
<dimen name="dp629">629dp</dimen>
<dimen name="dp630">630dp</dimen>
<dimen name="dp631">631dp</dimen>
<dimen name="dp632">632dp</dimen>
<dimen name="dp633">633dp</dimen>
<dimen name="dp634">634dp</dimen>
<dimen name="dp635">635dp</dimen>
<dimen name="dp636">636dp</dimen>
<dimen name="dp637">637dp</dimen>
<dimen name="dp638">638dp</dimen>
<dimen name="dp639">639dp</dimen>
<dimen name="dp640">640dp</dimen>
<dimen name="dp641">641dp</dimen>
<dimen name="dp642">642dp</dimen>
<dimen name="dp643">643dp</dimen>
<dimen name="dp644">644dp</dimen>
<dimen name="dp645">645dp</dimen>
<dimen name="dp646">646dp</dimen>
<dimen name="dp647">647dp</dimen>
<dimen name="dp648">648dp</dimen>
<dimen name="dp649">649dp</dimen>
<dimen name="dp650">650dp</dimen>
<dimen name="dp651">651dp</dimen>
<dimen name="dp652">652dp</dimen>
<dimen name="dp653">653dp</dimen>
<dimen name="dp654">654dp</dimen>
<dimen name="dp655">655dp</dimen>
<dimen name="dp656">656dp</dimen>
<dimen name="dp657">657dp</dimen>
<dimen name="dp658">658dp</dimen>
<dimen name="dp659">659dp</dimen>
<dimen name="dp660">660dp</dimen>
<dimen name="dp661">661dp</dimen>
<dimen name="dp662">662dp</dimen>
<dimen name="dp663">663dp</dimen>
<dimen name="dp664">664dp</dimen>
<dimen name="dp665">665dp</dimen>
<dimen name="dp666">666dp</dimen>
<dimen name="dp667">667dp</dimen>
<dimen name="dp668">668dp</dimen>
<dimen name="dp669">669dp</dimen>
<dimen name="dp670">670dp</dimen>
<dimen name="dp671">671dp</dimen>
<dimen name="dp672">672dp</dimen>
<dimen name="dp673">673dp</dimen>
<dimen name="dp674">674dp</dimen>
<dimen name="dp675">675dp</dimen>
<dimen name="dp676">676dp</dimen>
<dimen name="dp677">677dp</dimen>
<dimen name="dp678">678dp</dimen>
<dimen name="dp679">679dp</dimen>
<dimen name="dp680">680dp</dimen>
<dimen name="dp681">681dp</dimen>
<dimen name="dp682">682dp</dimen>
<dimen name="dp683">683dp</dimen>
<dimen name="dp684">684dp</dimen>
<dimen name="dp685">685dp</dimen>
<dimen name="dp686">686dp</dimen>
<dimen name="dp687">687dp</dimen>
<dimen name="dp688">688dp</dimen>
<dimen name="dp689">689dp</dimen>
<dimen name="dp690">690dp</dimen>
<dimen name="dp691">691dp</dimen>
<dimen name="dp692">692dp</dimen>
<dimen name="dp693">693dp</dimen>
<dimen name="dp694">694dp</dimen>
<dimen name="dp695">695dp</dimen>
<dimen name="dp696">696dp</dimen>
<dimen name="dp697">697dp</dimen>
<dimen name="dp698">698dp</dimen>
<dimen name="dp699">699dp</dimen>
<dimen name="dp700">700dp</dimen>
<dimen name="dp701">701dp</dimen>
<dimen name="dp702">702dp</dimen>
<dimen name="dp703">703dp</dimen>
<dimen name="dp704">704dp</dimen>
<dimen name="dp705">705dp</dimen>
<dimen name="dp706">706dp</dimen>
<dimen name="dp707">707dp</dimen>
<dimen name="dp708">708dp</dimen>
<dimen name="dp709">709dp</dimen>
<dimen name="dp710">710dp</dimen>
<dimen name="dp711">711dp</dimen>
<dimen name="dp712">712dp</dimen>
<dimen name="dp713">713dp</dimen>
<dimen name="dp714">714dp</dimen>
<dimen name="dp715">715dp</dimen>
<dimen name="dp716">716dp</dimen>
<dimen name="dp717">717dp</dimen>
<dimen name="dp718">718dp</dimen>
<dimen name="dp719">719dp</dimen>
<dimen name="dp720">720dp</dimen>
<dimen name="dp721">721dp</dimen>
<dimen name="dp722">722dp</dimen>
<dimen name="dp723">723dp</dimen>
<dimen name="dp724">724dp</dimen>
<dimen name="dp725">725dp</dimen>
<dimen name="dp726">726dp</dimen>
<dimen name="dp727">727dp</dimen>
<dimen name="dp728">728dp</dimen>
<dimen name="dp729">729dp</dimen>
<dimen name="dp730">730dp</dimen>
<dimen name="dp731">731dp</dimen>
<dimen name="dp732">732dp</dimen>
<dimen name="dp733">733dp</dimen>
<dimen name="dp734">734dp</dimen>
<dimen name="dp735">735dp</dimen>
<dimen name="dp736">736dp</dimen>
<dimen name="dp737">737dp</dimen>
<dimen name="dp738">738dp</dimen>
<dimen name="dp739">739dp</dimen>
<dimen name="dp740">740dp</dimen>
<dimen name="dp741">741dp</dimen>
<dimen name="dp742">742dp</dimen>
<dimen name="dp743">743dp</dimen>
<dimen name="dp744">744dp</dimen>
<dimen name="dp745">745dp</dimen>
<dimen name="dp746">746dp</dimen>
<dimen name="dp747">747dp</dimen>
<dimen name="dp748">748dp</dimen>
<dimen name="dp749">749dp</dimen>
<dimen name="dp750">750dp</dimen>
<dimen name="dp751">751dp</dimen>
<dimen name="dp752">752dp</dimen>
<dimen name="dp753">753dp</dimen>
<dimen name="dp754">754dp</dimen>
<dimen name="dp755">755dp</dimen>
<dimen name="dp756">756dp</dimen>
<dimen name="dp757">757dp</dimen>
<dimen name="dp758">758dp</dimen>
<dimen name="dp759">759dp</dimen>
<dimen name="dp760">760dp</dimen>
<dimen name="dp761">761dp</dimen>
<dimen name="dp762">762dp</dimen>
<dimen name="dp763">763dp</dimen>
<dimen name="dp764">764dp</dimen>
<dimen name="dp765">765dp</dimen>
<dimen name="dp766">766dp</dimen>
<dimen name="dp767">767dp</dimen>
<dimen name="dp768">768dp</dimen>
<dimen name="dp769">769dp</dimen>
<dimen name="dp770">770dp</dimen>
<dimen name="dp771">771dp</dimen>
<dimen name="dp772">772dp</dimen>
<dimen name="dp773">773dp</dimen>
<dimen name="dp774">774dp</dimen>
<dimen name="dp775">775dp</dimen>
<dimen name="dp776">776dp</dimen>
<dimen name="dp777">777dp</dimen>
<dimen name="dp778">778dp</dimen>
<dimen name="dp779">779dp</dimen>
<dimen name="dp780">780dp</dimen>
<dimen name="dp781">781dp</dimen>
<dimen name="dp782">782dp</dimen>
<dimen name="dp783">783dp</dimen>
<dimen name="dp784">784dp</dimen>
<dimen name="dp785">785dp</dimen>
<dimen name="dp786">786dp</dimen>
<dimen name="dp787">787dp</dimen>
<dimen name="dp788">788dp</dimen>
<dimen name="dp789">789dp</dimen>
<dimen name="dp790">790dp</dimen>
<dimen name="dp791">791dp</dimen>
<dimen name="dp792">792dp</dimen>
<dimen name="dp793">793dp</dimen>
<dimen name="dp794">794dp</dimen>
<dimen name="dp795">795dp</dimen>
<dimen name="dp796">796dp</dimen>
<dimen name="dp797">797dp</dimen>
<dimen name="dp798">798dp</dimen>
<dimen name="dp799">799dp</dimen>
<dimen name="dp800">800dp</dimen>
<dimen name="dp801">801dp</dimen>
<dimen name="dp802">802dp</dimen>
<dimen name="dp803">803dp</dimen>
<dimen name="dp804">804dp</dimen>
<dimen name="dp805">805dp</dimen>
<dimen name="dp806">806dp</dimen>
<dimen name="dp807">807dp</dimen>
<dimen name="dp808">808dp</dimen>
<dimen name="dp809">809dp</dimen>
<dimen name="dp810">810dp</dimen>
<dimen name="dp811">811dp</dimen>
<dimen name="dp812">812dp</dimen>
<dimen name="dp813">813dp</dimen>
<dimen name="dp814">814dp</dimen>
<dimen name="dp815">815dp</dimen>
<dimen name="dp816">816dp</dimen>
<dimen name="dp817">817dp</dimen>
<dimen name="dp818">818dp</dimen>
<dimen name="dp819">819dp</dimen>
<dimen name="dp820">820dp</dimen>
<dimen name="dp821">821dp</dimen>
<dimen name="dp822">822dp</dimen>
<dimen name="dp823">823dp</dimen>
<dimen name="dp824">824dp</dimen>
<dimen name="dp825">825dp</dimen>
<dimen name="dp826">826dp</dimen>
<dimen name="dp827">827dp</dimen>
<dimen name="dp828">828dp</dimen>
<dimen name="dp829">829dp</dimen>
<dimen name="dp830">830dp</dimen>
<dimen name="dp831">831dp</dimen>
<dimen name="dp832">832dp</dimen>
<dimen name="dp833">833dp</dimen>
<dimen name="dp834">834dp</dimen>
<dimen name="dp835">835dp</dimen>
<dimen name="dp836">836dp</dimen>
<dimen name="dp837">837dp</dimen>
<dimen name="dp838">838dp</dimen>
<dimen name="dp839">839dp</dimen>
<dimen name="dp840">840dp</dimen>
<dimen name="dp841">841dp</dimen>
<dimen name="dp842">842dp</dimen>
<dimen name="dp843">843dp</dimen>
<dimen name="dp844">844dp</dimen>
<dimen name="dp845">845dp</dimen>
<dimen name="dp846">846dp</dimen>
<dimen name="dp847">847dp</dimen>
<dimen name="dp848">848dp</dimen>
<dimen name="dp849">849dp</dimen>
<dimen name="dp850">850dp</dimen>
<dimen name="dp851">851dp</dimen>
<dimen name="dp852">852dp</dimen>
<dimen name="dp853">853dp</dimen>
<dimen name="dp854">854dp</dimen>
<dimen name="dp855">855dp</dimen>
<dimen name="dp856">856dp</dimen>
<dimen name="dp857">857dp</dimen>
<dimen name="dp858">858dp</dimen>
<dimen name="dp859">859dp</dimen>
<dimen name="dp860">860dp</dimen>
<dimen name="dp861">861dp</dimen>
<dimen name="dp862">862dp</dimen>
<dimen name="dp863">863dp</dimen>
<dimen name="dp864">864dp</dimen>
<dimen name="dp865">865dp</dimen>
<dimen name="dp866">866dp</dimen>
<dimen name="dp867">867dp</dimen>
<dimen name="dp868">868dp</dimen>
<dimen name="dp869">869dp</dimen>
<dimen name="dp870">870dp</dimen>
<dimen name="dp871">871dp</dimen>
<dimen name="dp872">872dp</dimen>
<dimen name="dp873">873dp</dimen>
<dimen name="dp874">874dp</dimen>
<dimen name="dp875">875dp</dimen>
<dimen name="dp876">876dp</dimen>
<dimen name="dp877">877dp</dimen>
<dimen name="dp878">878dp</dimen>
<dimen name="dp879">879dp</dimen>
<dimen name="dp880">880dp</dimen>
<dimen name="dp881">881dp</dimen>
<dimen name="dp882">882dp</dimen>
<dimen name="dp883">883dp</dimen>
<dimen name="dp884">884dp</dimen>
<dimen name="dp885">885dp</dimen>
<dimen name="dp886">886dp</dimen>
<dimen name="dp887">887dp</dimen>
<dimen name="dp888">888dp</dimen>
<dimen name="dp889">889dp</dimen>
<dimen name="dp890">890dp</dimen>
<dimen name="dp891">891dp</dimen>
<dimen name="dp892">892dp</dimen>
<dimen name="dp893">893dp</dimen>
<dimen name="dp894">894dp</dimen>
<dimen name="dp895">895dp</dimen>
<dimen name="dp896">896dp</dimen>
<dimen name="dp897">897dp</dimen>
<dimen name="dp898">898dp</dimen>
<dimen name="dp899">899dp</dimen>
<dimen name="dp900">900dp</dimen>
<dimen name="dp901">901dp</dimen>
<dimen name="dp902">902dp</dimen>
<dimen name="dp903">903dp</dimen>
<dimen name="dp904">904dp</dimen>
<dimen name="dp905">905dp</dimen>
<dimen name="dp906">906dp</dimen>
<dimen name="dp907">907dp</dimen>
<dimen name="dp908">908dp</dimen>
<dimen name="dp909">909dp</dimen>
<dimen name="dp910">910dp</dimen>
<dimen name="dp911">911dp</dimen>
<dimen name="dp912">912dp</dimen>
<dimen name="dp913">913dp</dimen>
<dimen name="dp914">914dp</dimen>
<dimen name="dp915">915dp</dimen>
<dimen name="dp916">916dp</dimen>
<dimen name="dp917">917dp</dimen>
<dimen name="dp918">918dp</dimen>
<dimen name="dp919">919dp</dimen>
<dimen name="dp920">920dp</dimen>
<dimen name="dp921">921dp</dimen>
<dimen name="dp922">922dp</dimen>
<dimen name="dp923">923dp</dimen>
<dimen name="dp924">924dp</dimen>
<dimen name="dp925">925dp</dimen>
<dimen name="dp926">926dp</dimen>
<dimen name="dp927">927dp</dimen>
<dimen name="dp928">928dp</dimen>
<dimen name="dp929">929dp</dimen>
<dimen name="dp930">930dp</dimen>
<dimen name="dp931">931dp</dimen>
<dimen name="dp932">932dp</dimen>
<dimen name="dp933">933dp</dimen>
<dimen name="dp934">934dp</dimen>
<dimen name="dp935">935dp</dimen>
<dimen name="dp936">936dp</dimen>
<dimen name="dp937">937dp</dimen>
<dimen name="dp938">938dp</dimen>
<dimen name="dp939">939dp</dimen>
<dimen name="dp940">940dp</dimen>
<dimen name="dp941">941dp</dimen>
<dimen name="dp942">942dp</dimen>
<dimen name="dp943">943dp</dimen>
<dimen name="dp944">944dp</dimen>
<dimen name="dp945">945dp</dimen>
<dimen name="dp946">946dp</dimen>
<dimen name="dp947">947dp</dimen>
<dimen name="dp948">948dp</dimen>
<dimen name="dp949">949dp</dimen>
<dimen name="dp950">950dp</dimen>
<dimen name="dp951">951dp</dimen>
<dimen name="dp952">952dp</dimen>
<dimen name="dp953">953dp</dimen>
<dimen name="dp954">954dp</dimen>
<dimen name="dp955">955dp</dimen>
<dimen name="dp956">956dp</dimen>
<dimen name="dp957">957dp</dimen>
<dimen name="dp958">958dp</dimen>
<dimen name="dp959">959dp</dimen>
<dimen name="dp960">960dp</dimen>
<dimen name="dp961">961dp</dimen>
<dimen name="dp962">962dp</dimen>
<dimen name="dp963">963dp</dimen>
<dimen name="dp964">964dp</dimen>
<dimen name="dp965">965dp</dimen>
<dimen name="dp966">966dp</dimen>
<dimen name="dp967">967dp</dimen>
<dimen name="dp968">968dp</dimen>
<dimen name="dp969">969dp</dimen>
<dimen name="dp970">970dp</dimen>
<dimen name="dp971">971dp</dimen>
<dimen name="dp972">972dp</dimen>
<dimen name="dp973">973dp</dimen>
<dimen name="dp974">974dp</dimen>
<dimen name="dp975">975dp</dimen>
<dimen name="dp976">976dp</dimen>
<dimen name="dp977">977dp</dimen>
<dimen name="dp978">978dp</dimen>
<dimen name="dp979">979dp</dimen>
<dimen name="dp980">980dp</dimen>
<dimen name="dp981">981dp</dimen>
<dimen name="dp982">982dp</dimen>
<dimen name="dp983">983dp</dimen>
<dimen name="dp984">984dp</dimen>
<dimen name="dp985">985dp</dimen>
<dimen name="dp986">986dp</dimen>
<dimen name="dp987">987dp</dimen>
<dimen name="dp988">988dp</dimen>
<dimen name="dp989">989dp</dimen>
<dimen name="dp990">990dp</dimen>
<dimen name="dp991">991dp</dimen>
<dimen name="dp992">992dp</dimen>
<dimen name="dp993">993dp</dimen>
<dimen name="dp994">994dp</dimen>
<dimen name="dp995">995dp</dimen>
<dimen name="dp996">996dp</dimen>
<dimen name="dp997">997dp</dimen>
<dimen name="dp998">998dp</dimen>
<dimen name="dp999">999dp</dimen>
<dimen name="dp1000">1000dp</dimen>
<dimen name="sp1">1sp</dimen>
<dimen name="sp2">2sp</dimen>
<dimen name="sp3">3sp</dimen>
<dimen name="sp4">4sp</dimen>
<dimen name="sp5">5sp</dimen>
<dimen name="sp6">6sp</dimen>
<dimen name="sp7">7sp</dimen>
<dimen name="sp8">8sp</dimen>
<dimen name="sp9">9sp</dimen>
<dimen name="sp10">10sp</dimen>
<dimen name="sp11">11sp</dimen>
<dimen name="sp12">12sp</dimen>
<dimen name="sp13">13sp</dimen>
<dimen name="sp14">14sp</dimen>
<dimen name="sp15">15sp</dimen>
<dimen name="sp16">16sp</dimen>
<dimen name="sp17">17sp</dimen>
<dimen name="sp18">18sp</dimen>
<dimen name="sp19">19sp</dimen>
<dimen name="sp20">20sp</dimen>
<dimen name="sp21">21sp</dimen>
<dimen name="sp22">22sp</dimen>
<dimen name="sp23">23sp</dimen>
<dimen name="sp24">24sp</dimen>
<dimen name="sp25">25sp</dimen>
<dimen name="sp26">26sp</dimen>
<dimen name="sp27">27sp</dimen>
<dimen name="sp28">28sp</dimen>
<dimen name="sp29">29sp</dimen>
<dimen name="sp30">30sp</dimen>
<dimen name="sp31">31sp</dimen>
<dimen name="sp32">32sp</dimen>
<dimen name="sp33">33sp</dimen>
<dimen name="sp34">34sp</dimen>
<dimen name="sp35">35sp</dimen>
<dimen name="sp36">36sp</dimen>
<dimen name="sp37">37sp</dimen>
<dimen name="sp38">38sp</dimen>
<dimen name="sp39">39sp</dimen>
<dimen name="sp40">40sp</dimen>
<dimen name="sp41">41sp</dimen>
<dimen name="sp42">42sp</dimen>
<dimen name="sp43">43sp</dimen>
<dimen name="sp44">44sp</dimen>
<dimen name="sp45">45sp</dimen>
<dimen name="sp46">46sp</dimen>
<dimen name="sp47">47sp</dimen>
<dimen name="sp48">48sp</dimen>
<dimen name="sp49">49sp</dimen>
<dimen name="sp50">50sp</dimen>
<dimen name="dpneg25">-25dp</dimen>
<dimen name="dpneg24">-24dp</dimen>
<dimen name="dpneg23">-23dp</dimen>
<dimen name="dpneg22">-22dp</dimen>
<dimen name="dpneg21">-21dp</dimen>
<dimen name="dpneg20">-20dp</dimen>
<dimen name="dpneg19">-19dp</dimen>
<dimen name="dpneg18">-18dp</dimen>
<dimen name="dpneg17">-17dp</dimen>
<dimen name="dpneg16">-16dp</dimen>
<dimen name="dpneg15">-15dp</dimen>
<dimen name="dpneg14">-14dp</dimen>
<dimen name="dpneg13">-13dp</dimen>
<dimen name="dpneg12">-12dp</dimen>
<dimen name="dpneg11">-11dp</dimen>
<dimen name="dpneg10">-10dp</dimen>
<dimen name="dpneg9">-9dp</dimen>
<dimen name="dpneg8">-8dp</dimen>
<dimen name="dpneg7">-7dp</dimen>
<dimen name="dpneg6">-6dp</dimen>
<dimen name="dpneg5">-5dp</dimen>
<dimen name="dpneg4">-4dp</dimen>
<dimen name="dpneg3">-3dp</dimen>
<dimen name="dpneg2">-2dp</dimen>
<dimen name="dpneg1">-1dp</dimen>
</resources>
