<?xml version="1.0" encoding="utf-8"?>
<resources>

    <string name="app_name">Longhorn eReader</string>
    <string name="action_settings">Settings</string>
    <string name="add_bookmark_prompt_placeholder">Name</string>
    <string name="add_bookmark_prompt_title">Add Bookmark</string>
    <string name="bookmarks">Bookmarks</string>
    <string name="delete_bookmark">Do you want to delete this bookmark?</string>
    <string name="bookmarks_with_count">Bookmarks (%1$d)</string>
    <string name="container_list_title">Choose an EPUB</string>
    <string name="generic_cancel">Cancel</string>
    <string name="generic_ok">OK</string>
    <string name="list_of_figures">List of Figures</string>
    <string name="list_of_illustrations">List of Illustrations</string>
    <string name="list_of_tables">List of Tables</string>
    <string name="metadata">Metadata</string>
    <string name="metadata_authors">Authors: %1$s</string>
    <string name="metadata_copyright_owner">Copyright Owner: %1$s</string>
    <string name="metadata_full_title">Full Title: %1$s</string>
    <string name="metadata_isbn">ISBN: %1$s</string>
    <string name="metadata_language">Language: %1$s</string>
    <string name="metadata_modification_date">Modification Date: %1$s</string>
    <string name="metadata_package_id">Package ID: %1$s</string>
    <string name="metadata_source">Source: %1$s</string>
    <string name="metadata_subjects">Subjects: %1$s</string>
    <string name="metadata_subtitle">Subtitle: %1$s</string>
    <string name="metadata_title">Title: %1$s</string>
    <string name="page_list">Page List</string>
    <string name="page_x_of_y">Page %1$d of %2$d</string>
    <string name="spine_items">Spine Items</string>
    <string name="table_of_contents">Table of Contents</string>
    <string name="title_activity_web_view">WebViewActivity</string>
    <string name="add_bookmark">Add bookmark</string>
    <string name="settings">Settings</string>
    <string name="title">Title</string>
    <string name="left">&lt;&lt;</string>
    <string name="right">&gt;&gt;</string>
    <string name="crash_report">Please Send Crash Report</string>
    <string name="fontSize">Font size (in %)</string>
    <string name="columnGap">Column gap</string>
    <string name="syntheticSpread">Synthetic spread</string>

    <!-- Media Overlay Menu Text -->
    <string name="menu_mo_previous">Previous</string>
    <string name="menu_mo_next">Next</string>
    <string name="menu_mo_play">Play</string>
    <string name="menu_mo_pause">Pause</string>
    <string name="auto">Auto</string>
    <string name="single">Single</string>
    <string name="double_">Double</string>
    <string name="scrollMode">Scroll Mode</string>
    <string name="title_activity_book_search">BookSearchActivity</string>
    <string name="hello_world">Hello world!</string>
    <string name="title_activity_home_screen">HomeScreen</string>
    <string name="string_skip">SKIP</string>
    <string name="string_name">NAME</string>
    <string name="string_your_full_name">YOUR FULL NAME</string>
    <string name="string_mail">MAIL</string>
    <string name="string_your_mail_address">YOUR MAIL ADDRESS</string>
    <string name="string_phone">PHONE NUMBER</string>
    <string name="string_your_contact_number">YOUR CONTACT NUMBER</string>
    <string name="string_register">REGISTER</string>
    <string name="drawer_open">open</string>
    <string name="drawer_close">close</string>
    <string name="title_activity_lhdescription_screen">LHDescriptionScreen</string>
    <string name="standard_name">Standard</string>
    <string name="standerd_one">Standard <b>One</b></string>
    <string name="title_activity_lhaout_us">Aout us Activity</string>
    <string name="about_us_text"><![CDATA[<p><b>About the Longhorn eReader <br>
Longhorn eReader </b>is a digital product of Longhorn Publishers Limited. This android application is a unique platform that the company has developed to deliver eBooks in various digital formats to the pupils, teachers/ instructors and to the general readership in a much more efficient process. The application has been integrated with a variety of functionalities to ensure the users navigate through the platform easily, access eBooks faster, utilize content pleasantly and obtain a great fulfilment in user experience. The company would like to thank a team of innovators behind it and the great technology partners who ensured development and delivery of this noble product.</p> <p><b>About Longhorn Publishers
Longhorn Publishers </b>is a leading provider of eLearning solutions, core and non-core learning materials within the East Africa region. Longhorn, through its budding imprint known as Sasa Sema, also endeavours to provide reference books, creative works, biographies, bibles, charts, hymnals and general knowledge books to cater for the unmet needs in this area both as hard copies and in digital formats.</p> <p>Longhorn Publishers has been in existence as a wholly Kenyan-owned company for the last 21 years and has subsidiaries in Uganda, Tanzania, Rwanda, Zambia, Malawi, South Sudan and Ethiopia. Over this period, Longhorn has grown to become a household visionary publisher of choice, with books that are trusted by teachers and learners across the region.</p> <p>Longhorn eLearning materials can be downloaded and read from <b>Longhorn eBook Store</b> or on <b>Longhorn eRevision Platform.</b>  For more information, visit www.longhornpublishers.com</p>
]]>
</string>
    
    <string name="copyright_text"><![CDATA[
<p>All content of this Application is © 2015 Longhorn Publishers Limited, Incorporated.<br>
All rights reserved. No part of this application or publication may be reproduced or distributed in any form or by any means, or stored in database or retrieval system, without the prior written permission of the publisher. </p>
]]>
</string>
    <string name="title_activity_copyright">Copyright</string>

</resources>