<?xml version="1.0" encoding="utf-8"?>
<resources>
<string name="crash_report">Please send crash report</string>
    

    <color name="dark_grey">#696969</color>
     
    <string name="Open_Book_1">Open Book 1</string>
    <string name="Open_Book_2">Open Book 2</string>
    <string name="Enable_Parallel_Texts">Enable Parallel Texts</string>
    <string name="Toggle_Sync_Views">Toggle Sync Views</string>
    <string name="Reset_Sync_Views">Reset Sync Views</string>
    <string name="Show_Metadata">Show Metadata</string>
    <string name="Refresh">Refresh</string>
    <string name="From_Book_1">From Book 1</string>
    <string name="From_Book_2">From Book 2</string>
    <string name="Sync_Book_1_with_Book_2">Sync Book 1 with Book 2</string>
    <string name="Sync_Book_2_with_Book_1">Sync Book 2 with Book 1</string>
    <string name="Book_1">Book 1</string>
    <string name="Book_2">Book 2</string>
    <string name="bookOpen">bookOpen</string>
    <string name="Table_of_Contents">Table of Contents</string>
    <string name="Change_Size">Change Panel Size</string>
    <string name="error_LoadPage">Can not load the page</string>
    <string name="error_LoadBook">Cannot load the book</string>
    <string name="error_onlyOneBookOpen">Only one book open!</string>
    <string name="error_cannotSynchronize">Cannot synchronize!</string>
    <string name="error_metadataNotFound">Metadata not found!</string>
    <string name="error_tocNotFound">Table of Contents not Found!</string>
    <string name="error_cannotChangeSizes">Can not change sizes!</string>
    <string name="url">url</string>
    <string name="bpath">bpath</string>
    <string name="invisible">invisible</string>
    <string name="second">second</string>
    <string name="time">time</string>
    <string name="error_cannotTurnPage">Cannot turn Page!</string>
    <string name="tome">tome</string>
    <string name="lang">lang</string>
    <string name="error_noOtherLanguages">No other languages!</string>
    <string name="state">state</string>
    <string name="error_cannotLoadState">Cannot load the application/book state</string>
    <string name="textOrHTML">text/html</string>
    <string name="sync">sync</string>
    <string name="page">page</string>
    <string name="CurrentPageBook">CurrentPageBook</string>
    <string name="LanguageBook">LanguageBook</string>
    <string name="pathBook">pathBook</string>
    <string name="error_CannotCloseStream">Cannot close stream!</string>
    <string name="Book_Stream">Book Stream</string>
    <string name="nameEpub">nameEpub</string>
    <string name="error_goToPage">goToPage error:</string>
    <string name="full_path">full-path</string>
    <string name="zip">.zip</string>
    <string name="htmlBodyTableOpen">&lt;html&gt;&lt;body&gt;&lt;table&gt;</string>
    <string name="titlesMeta">&lt;tr&gt;&lt;td&gt;Titles:&lt;/td&gt;</string>
    <string name="authorsMeta">&lt;tr&gt;&lt;td&gt;Authors:&lt;/td&gt;</string>
    <string name="contributorsMeta">&lt;tr&gt;&lt;td&gt;Contributors:&lt;/td&gt;</string>
    <string name="languageMeta">&lt;tr&gt;&lt;td&gt;Language:&lt;/td&gt;&lt;td&gt;</string>
    <string name="publishersMeta">&lt;tr&gt;&lt;td&gt;Publishers:&lt;/td&gt;</string>
    <string name="typesMeta">&lt;tr&gt;&lt;td&gt;Types:&lt;/td&gt;</string>
    <string name="descriptionsMeta">&lt;tr&gt;&lt;td&gt;Descriptions:&lt;/td&gt;</string>
    <string name="rightsMeta">&lt;tr&gt;&lt;td&gt;Rights:&lt;/td&gt;</string>
    <string name="tablebodyhtmlClose">&lt;/table&gt;&lt;/body&gt;&lt;/html&gt;</string>
    <string name="tocReference">&lt;tr&gt;&lt;td&gt;Table of Contents:&lt;/td&gt;</string>
    <string name="change_Font">Change Font</string>
    <string name="change_Font_Color">Font Color:</string>
    <string name="changeStyle">Change Style</string>
    <string name="blue_rgb">#0000ff</string>
    <string name="red_rgb">#ff0000</string>
    <string name="green_rgb">#00ff00</string>
    <string name="black_rgb">#000000</string>
    <string name="white_rgb">#ffffff</string>
    <string name="error_CannotChangeStyle">Cannot Change Style!</string>
    <string name="OK">OK</string>
    <string name="Cancel">Cancel</string>
    <string name="SetSizeTitle">Upper Panel Size:</string>
    <string name="LanguageChooserTitle">Choose two languages:</string>
    <string name="parallelTextBool">parallelTextBool</string>

    <string-array name="ColorFont">
        <item>Black</item>
        <item>Red</item>
        <item>Green</item>
        <item>Blue</item>
        <item>White</item>
    </string-array>

    <string name="ChangeBackgroundColor">Background Color:</string>

    <string-array name="ColorBack">
        <item>White</item>
        <item>Red</item>
        <item>Green</item>
        <item>Blue</item>
        <item>Black</item>
    </string-array>

    <string name="syncScroll">Sync. Scroll</string>
    <string name="ChangeFont">Font:</string>

    <string-array name="FontStyle">
        <item>Sans Serif</item>
        <item>Serif</item>
        <item>Monospace</item>
    </string-array>

    <string name="Arial">Sans Serif</string>
    <string name="Serif">Serif</string>
    <string name="Monospace">Monospace</string>
    <string name="FontSize">Font Size:</string>
    <string name="LineHeight">Line Height:</string>
    <string name="TextAlign">Alignment:</string>

    <string-array name="testAlignOption">
        <item>Left</item>
        <item>Center</item>
        <item>Right</item>
        <item>Justify</item>
    </string-array>

    <string name="Left_Align">Left</string>
    <string name="Center_Align">Center</string>
    <string name="Right_Align">Right</string>
    <string name="DefaultSettings">Default</string>
    <string name="px">px</string>
    <string name="open">Open...</string>
    <string name="Margin">Margin(px):</string>

    <string-array name="FontSize">
        <item>100%</item>
        <item>125%</item>
        <item>150%</item>
        <item>175%</item>
        <item>200%</item>
        <item>90%</item>
    </string-array>
    <string-array name="LineHeight">
        <item>1em</item>
        <item>1.25em</item>
        <item>1.5em</item>
        <item>1.75em</item>
        <item>2em</item>
        <item>0.9em</item>
    </string-array>

    <string name="Justify">Justify</string>

    <string-array name="Margin">
        <item>0</item>
        <item>5</item>
        <item>10</item>
        <item>15</item>
        <item>20</item>
        <item>25</item>
    </string-array>

    <string name="title_activity_split_panel">SplitPanel</string>
    <string name="action_settings">Settings</string>
    <string name="hello_world">Hello world!</string>
    <string name="title_activity_book_view">BookView</string>
    <string name="title_activity_main">MainActivity</string>
    <string name="title_activity_tocview">TOCView</string>
    <string name="title_activity_data_view">DataView</string>
    <string name="ViewType">ViewType</string>
    <string name="title_activity_audio_view">AudioView</string>
    <string name="audio">Extract Audio</string>
    <string name="error_openaudiofile">Cannot open audio file</string>
    <string name="play">&gt;</string>
    <string name="pause">| |</string>
    <string name="rew">&lt;&lt;</string>
    <string name="exAudio">exAudio</string>
    <string name="no_audio">Can\'t find any audio file</string>
    <string name="title_activity_new_main">NewMainActivity</string>
    
    
    
    
    
    
    
    
    
    
     <string name="first_page">First Page</string>
    <string name="last_page">Last Page</string>
    <string name="exit_confirm">Are You Sure?</string>
    <string name="exit_reader">Please click BACK again to exit</string>

    <!-- file -->
    <string name="input_book">Add Book</string>

    <!-- dialog -->

    <string name="delete_book_and_file">Delete Book and File</string>
    <string name="delete_book">Delete Book</string>
    <string name="delete_file">Delete File</string>
    <string name="title_activity_home_screen">HomeScreen</string>

    <string-array name="book_names">
        <item>Russian</item>
        <item>Chinese</item>
        <item>Arabic</item>
        <item>English</item>
        <item>Spanish</item>
        <item>French</item>
        <item>Russian</item>
        <item>Chinese</item>
        <item>Arabic</item>
        <item>English</item>
    </string-array>
    <string-array name="book_names2">
        <item>Russe</item>
        <item>Chinois</item>
        <item>Arabe</item>
        <item>Anglais</item>
        <item>Espagnol</item>
        <item>Français</item>
        <item>Russe</item>
        <item>Chinois</item>
        <item>Arabe</item>
        <item>Anglais</item>
    </string-array>

    <string name="title_activity_fbreader">FBReader</string>
    <string name="title_activity_toc">TOCActivity</string>
    <string name="infohtml">
<![CDATA[<font ><p><b>Copyright © 2015 United Nations. All rights reserved.</b></p>
        <p>This publication in its entirety may not be reproduced or transmitted in any form or by any means, electronic or mechanical, including photocopy, recording or any information storage and retrieval systems now known or to be invented, without permission from the publisher.</p>
        <p>No protection is claimed for the text from the Charter of the United Nations and from the Statute of the International Court of Justice. Reuse and reproduction is allowed without prior permission from the United Nations.</p>
        <p>All photos by UN Photo.</p>
        <p>Go to <a href="https://unp.un.org/">https://unp.un.org/</a> to learn more about publications of the United Nations.</p></font>]]>
    </string>

</resources>