<resources>

    <!--
        Base application theme, dependent on API level. This theme is replaced
        by AppBaseTheme from res/values-vXX/styles.xml on newer devices.
    -->
    <style name="AppBaseTheme" parent="@style/Theme.AppCompat.Light.DarkActionBar">
        <!--
            Theme customizations available in newer API levels can go in
            res/values-vXX/styles.xml, while customizations related to
            backward-compatibility can go here.
        -->
    </style>

    <!-- Application theme. -->
    <style name="AppTheme" parent="AppBaseTheme">
   <item name="colorPrimary">@android:color/holo_orange_dark</item> 
    
    </style>
    
    <style name="trasparentDialog">

        <item name="android:windowFrame">@null</item>


        <item name="android:windowBackground">@android:color/transparent</item>

        <item name="android:windowIsFloating">true</item>

        <item name="android:windowContentOverlay">@null</item>

        <item name="android:windowTitleStyle">@null</item>

        <item name="android:windowAnimationStyle">@android:style/Animation.Dialog</item>

        <item name="android:windowSoftInputMode">stateUnspecified|adjustPan</item>

        <item name="android:backgroundDimEnabled">true</item>

        <item name="android:background">@android:color/transparent</item>

    </style>
    
    
<style name="spineloaderstyle">
    <item name="android:windowFrame">@null</item>
    <item name="android:windowBackground">@android:color/transparent</item>
    <item name="android:windowIsFloating">true</item>
    <item name="android:windowContentOverlay">@null</item>
    <item name="android:windowTitleStyle">@null</item>
    <item name="android:windowAnimationStyle">@android:style/Animation.Dialog</item>
    <item name="android:windowSoftInputMode">stateUnspecified|adjustPan</item>
    <item name="android:backgroundDimEnabled">false</item>
    <item name="android:background">@android:color/transparent</item>
</style>
 <style name="VideoPlayerTheme" parent="@style/Theme.AppCompat.Light">
         
       <item name="windowActionBar">false</item>
        <item name="android:windowFullscreen">true</item>
        <item name="android:windowContentOverlay">@null</item>
    </style>
    
 <style name="Theme.AppCompat.Light.NoActionBar.FullScreen" parent="@style/Theme.AppCompat">
    <item name="windowNoTitle">true</item>
    <item name="windowActionBar">false</item>
    <item name="android:windowFullscreen">true</item>
    <item name="android:windowContentOverlay">@null</item>
</style>
<style name="Theme.Reflowable" parent="@style/Theme.AppCompat.NoActionBar">
    <item name="windowActionModeOverlay">true</item>
</style>
</resources>