<?xml version="1.0" encoding="utf-8"?>
<resources>
<dimen name="dp1">2dp</dimen>
<dimen name="dp2">4dp</dimen>
<dimen name="dp3">7dp</dimen>
<dimen name="dp4">9dp</dimen>
<dimen name="dp5">11dp</dimen>
<dimen name="dp6">13dp</dimen>
<dimen name="dp7">16dp</dimen>
<dimen name="dp8">18dp</dimen>
<dimen name="dp9">20dp</dimen>
<dimen name="dp10">22dp</dimen>
<dimen name="dp11">24dp</dimen>
<dimen name="dp12">27dp</dimen>
<dimen name="dp13">29dp</dimen>
<dimen name="dp14">31dp</dimen>
<dimen name="dp15">33dp</dimen>
<dimen name="dp16">36dp</dimen>
<dimen name="dp17">38dp</dimen>
<dimen name="dp18">40dp</dimen>
<dimen name="dp19">42dp</dimen>
<dimen name="dp20">44dp</dimen>
<dimen name="dp21">47dp</dimen>
<dimen name="dp22">49dp</dimen>
<dimen name="dp23">51dp</dimen>
<dimen name="dp24">53dp</dimen>
<dimen name="dp25">56dp</dimen>
<dimen name="dp26">58dp</dimen>
<dimen name="dp27">60dp</dimen>
<dimen name="dp28">62dp</dimen>
<dimen name="dp29">64dp</dimen>
<dimen name="dp30">67dp</dimen>
<dimen name="dp31">69dp</dimen>
<dimen name="dp32">71dp</dimen>
<dimen name="dp33">73dp</dimen>
<dimen name="dp34">76dp</dimen>
<dimen name="dp35">78dp</dimen>
<dimen name="dp36">80dp</dimen>
<dimen name="dp37">82dp</dimen>
<dimen name="dp38">84dp</dimen>
<dimen name="dp39">87dp</dimen>
<dimen name="dp40">89dp</dimen>
<dimen name="dp41">91dp</dimen>
<dimen name="dp42">93dp</dimen>
<dimen name="dp43">96dp</dimen>
<dimen name="dp44">98dp</dimen>
<dimen name="dp45">100dp</dimen>
<dimen name="dp46">102dp</dimen>
<dimen name="dp47">104dp</dimen>
<dimen name="dp48">107dp</dimen>
<dimen name="dp49">109dp</dimen>
<dimen name="dp50">111dp</dimen>
<dimen name="dp51">113dp</dimen>
<dimen name="dp52">116dp</dimen>
<dimen name="dp53">118dp</dimen>
<dimen name="dp54">120dp</dimen>
<dimen name="dp55">122dp</dimen>
<dimen name="dp56">124dp</dimen>
<dimen name="dp57">127dp</dimen>
<dimen name="dp58">129dp</dimen>
<dimen name="dp59">131dp</dimen>
<dimen name="dp60">133dp</dimen>
<dimen name="dp61">136dp</dimen>
<dimen name="dp62">138dp</dimen>
<dimen name="dp63">140dp</dimen>
<dimen name="dp64">142dp</dimen>
<dimen name="dp65">144dp</dimen>
<dimen name="dp66">147dp</dimen>
<dimen name="dp67">149dp</dimen>
<dimen name="dp68">151dp</dimen>
<dimen name="dp69">153dp</dimen>
<dimen name="dp70">156dp</dimen>
<dimen name="dp71">158dp</dimen>
<dimen name="dp72">160dp</dimen>
<dimen name="dp73">162dp</dimen>
<dimen name="dp74">164dp</dimen>
<dimen name="dp75">167dp</dimen>
<dimen name="dp76">169dp</dimen>
<dimen name="dp77">171dp</dimen>
<dimen name="dp78">173dp</dimen>
<dimen name="dp79">176dp</dimen>
<dimen name="dp80">178dp</dimen>
<dimen name="dp81">180dp</dimen>
<dimen name="dp82">182dp</dimen>
<dimen name="dp83">184dp</dimen>
<dimen name="dp84">187dp</dimen>
<dimen name="dp85">189dp</dimen>
<dimen name="dp86">191dp</dimen>
<dimen name="dp87">193dp</dimen>
<dimen name="dp88">196dp</dimen>
<dimen name="dp89">198dp</dimen>
<dimen name="dp90">200dp</dimen>
<dimen name="dp91">202dp</dimen>
<dimen name="dp92">204dp</dimen>
<dimen name="dp93">207dp</dimen>
<dimen name="dp94">209dp</dimen>
<dimen name="dp95">211dp</dimen>
<dimen name="dp96">213dp</dimen>
<dimen name="dp97">216dp</dimen>
<dimen name="dp98">218dp</dimen>
<dimen name="dp99">220dp</dimen>
<dimen name="dp100">222dp</dimen>
<dimen name="dp101">224dp</dimen>
<dimen name="dp102">227dp</dimen>
<dimen name="dp103">229dp</dimen>
<dimen name="dp104">231dp</dimen>
<dimen name="dp105">233dp</dimen>
<dimen name="dp106">236dp</dimen>
<dimen name="dp107">238dp</dimen>
<dimen name="dp108">240dp</dimen>
<dimen name="dp109">242dp</dimen>
<dimen name="dp110">244dp</dimen>
<dimen name="dp111">247dp</dimen>
<dimen name="dp112">249dp</dimen>
<dimen name="dp113">251dp</dimen>
<dimen name="dp114">253dp</dimen>
<dimen name="dp115">256dp</dimen>
<dimen name="dp116">258dp</dimen>
<dimen name="dp117">260dp</dimen>
<dimen name="dp118">262dp</dimen>
<dimen name="dp119">264dp</dimen>
<dimen name="dp120">267dp</dimen>
<dimen name="dp121">269dp</dimen>
<dimen name="dp122">271dp</dimen>
<dimen name="dp123">273dp</dimen>
<dimen name="dp124">276dp</dimen>
<dimen name="dp125">278dp</dimen>
<dimen name="dp126">280dp</dimen>
<dimen name="dp127">282dp</dimen>
<dimen name="dp128">284dp</dimen>
<dimen name="dp129">287dp</dimen>
<dimen name="dp130">289dp</dimen>
<dimen name="dp131">291dp</dimen>
<dimen name="dp132">293dp</dimen>
<dimen name="dp133">296dp</dimen>
<dimen name="dp134">298dp</dimen>
<dimen name="dp135">300dp</dimen>
<dimen name="dp136">302dp</dimen>
<dimen name="dp137">304dp</dimen>
<dimen name="dp138">307dp</dimen>
<dimen name="dp139">309dp</dimen>
<dimen name="dp140">311dp</dimen>
<dimen name="dp141">313dp</dimen>
<dimen name="dp142">316dp</dimen>
<dimen name="dp143">318dp</dimen>
<dimen name="dp144">320dp</dimen>
<dimen name="dp145">322dp</dimen>
<dimen name="dp146">324dp</dimen>
<dimen name="dp147">327dp</dimen>
<dimen name="dp148">329dp</dimen>
<dimen name="dp149">331dp</dimen>
<dimen name="dp150">333dp</dimen>
<dimen name="dp151">336dp</dimen>
<dimen name="dp152">338dp</dimen>
<dimen name="dp153">340dp</dimen>
<dimen name="dp154">342dp</dimen>
<dimen name="dp155">344dp</dimen>
<dimen name="dp156">347dp</dimen>
<dimen name="dp157">349dp</dimen>
<dimen name="dp158">351dp</dimen>
<dimen name="dp159">353dp</dimen>
<dimen name="dp160">356dp</dimen>
<dimen name="dp161">358dp</dimen>
<dimen name="dp162">360dp</dimen>
<dimen name="dp163">362dp</dimen>
<dimen name="dp164">364dp</dimen>
<dimen name="dp165">367dp</dimen>
<dimen name="dp166">369dp</dimen>
<dimen name="dp167">371dp</dimen>
<dimen name="dp168">373dp</dimen>
<dimen name="dp169">376dp</dimen>
<dimen name="dp170">378dp</dimen>
<dimen name="dp171">380dp</dimen>
<dimen name="dp172">382dp</dimen>
<dimen name="dp173">384dp</dimen>
<dimen name="dp174">387dp</dimen>
<dimen name="dp175">389dp</dimen>
<dimen name="dp176">391dp</dimen>
<dimen name="dp177">393dp</dimen>
<dimen name="dp178">396dp</dimen>
<dimen name="dp179">398dp</dimen>
<dimen name="dp180">400dp</dimen>
<dimen name="dp181">402dp</dimen>
<dimen name="dp182">404dp</dimen>
<dimen name="dp183">407dp</dimen>
<dimen name="dp184">409dp</dimen>
<dimen name="dp185">411dp</dimen>
<dimen name="dp186">413dp</dimen>
<dimen name="dp187">416dp</dimen>
<dimen name="dp188">418dp</dimen>
<dimen name="dp189">420dp</dimen>
<dimen name="dp190">422dp</dimen>
<dimen name="dp191">424dp</dimen>
<dimen name="dp192">427dp</dimen>
<dimen name="dp193">429dp</dimen>
<dimen name="dp194">431dp</dimen>
<dimen name="dp195">433dp</dimen>
<dimen name="dp196">436dp</dimen>
<dimen name="dp197">438dp</dimen>
<dimen name="dp198">440dp</dimen>
<dimen name="dp199">442dp</dimen>
<dimen name="dp200">444dp</dimen>
<dimen name="dp201">447dp</dimen>
<dimen name="dp202">449dp</dimen>
<dimen name="dp203">451dp</dimen>
<dimen name="dp204">453dp</dimen>
<dimen name="dp205">456dp</dimen>
<dimen name="dp206">458dp</dimen>
<dimen name="dp207">460dp</dimen>
<dimen name="dp208">462dp</dimen>
<dimen name="dp209">464dp</dimen>
<dimen name="dp210">467dp</dimen>
<dimen name="dp211">469dp</dimen>
<dimen name="dp212">471dp</dimen>
<dimen name="dp213">473dp</dimen>
<dimen name="dp214">476dp</dimen>
<dimen name="dp215">478dp</dimen>
<dimen name="dp216">480dp</dimen>
<dimen name="dp217">482dp</dimen>
<dimen name="dp218">484dp</dimen>
<dimen name="dp219">487dp</dimen>
<dimen name="dp220">489dp</dimen>
<dimen name="dp221">491dp</dimen>
<dimen name="dp222">493dp</dimen>
<dimen name="dp223">496dp</dimen>
<dimen name="dp224">498dp</dimen>
<dimen name="dp225">500dp</dimen>
<dimen name="dp226">502dp</dimen>
<dimen name="dp227">504dp</dimen>
<dimen name="dp228">507dp</dimen>
<dimen name="dp229">509dp</dimen>
<dimen name="dp230">511dp</dimen>
<dimen name="dp231">513dp</dimen>
<dimen name="dp232">516dp</dimen>
<dimen name="dp233">518dp</dimen>
<dimen name="dp234">520dp</dimen>
<dimen name="dp235">522dp</dimen>
<dimen name="dp236">524dp</dimen>
<dimen name="dp237">527dp</dimen>
<dimen name="dp238">529dp</dimen>
<dimen name="dp239">531dp</dimen>
<dimen name="dp240">533dp</dimen>
<dimen name="dp241">536dp</dimen>
<dimen name="dp242">538dp</dimen>
<dimen name="dp243">540dp</dimen>
<dimen name="dp244">542dp</dimen>
<dimen name="dp245">544dp</dimen>
<dimen name="dp246">547dp</dimen>
<dimen name="dp247">549dp</dimen>
<dimen name="dp248">551dp</dimen>
<dimen name="dp249">553dp</dimen>
<dimen name="dp250">556dp</dimen>
<dimen name="dp251">558dp</dimen>
<dimen name="dp252">560dp</dimen>
<dimen name="dp253">562dp</dimen>
<dimen name="dp254">564dp</dimen>
<dimen name="dp255">567dp</dimen>
<dimen name="dp256">569dp</dimen>
<dimen name="dp257">571dp</dimen>
<dimen name="dp258">573dp</dimen>
<dimen name="dp259">576dp</dimen>
<dimen name="dp260">578dp</dimen>
<dimen name="dp261">580dp</dimen>
<dimen name="dp262">582dp</dimen>
<dimen name="dp263">584dp</dimen>
<dimen name="dp264">587dp</dimen>
<dimen name="dp265">589dp</dimen>
<dimen name="dp266">591dp</dimen>
<dimen name="dp267">593dp</dimen>
<dimen name="dp268">596dp</dimen>
<dimen name="dp269">598dp</dimen>
<dimen name="dp270">600dp</dimen>
<dimen name="dp271">602dp</dimen>
<dimen name="dp272">604dp</dimen>
<dimen name="dp273">607dp</dimen>
<dimen name="dp274">609dp</dimen>
<dimen name="dp275">611dp</dimen>
<dimen name="dp276">613dp</dimen>
<dimen name="dp277">616dp</dimen>
<dimen name="dp278">618dp</dimen>
<dimen name="dp279">620dp</dimen>
<dimen name="dp280">622dp</dimen>
<dimen name="dp281">624dp</dimen>
<dimen name="dp282">627dp</dimen>
<dimen name="dp283">629dp</dimen>
<dimen name="dp284">631dp</dimen>
<dimen name="dp285">633dp</dimen>
<dimen name="dp286">636dp</dimen>
<dimen name="dp287">638dp</dimen>
<dimen name="dp288">640dp</dimen>
<dimen name="dp289">642dp</dimen>
<dimen name="dp290">644dp</dimen>
<dimen name="dp291">647dp</dimen>
<dimen name="dp292">649dp</dimen>
<dimen name="dp293">651dp</dimen>
<dimen name="dp294">653dp</dimen>
<dimen name="dp295">656dp</dimen>
<dimen name="dp296">658dp</dimen>
<dimen name="dp297">660dp</dimen>
<dimen name="dp298">662dp</dimen>
<dimen name="dp299">664dp</dimen>
<dimen name="dp300">667dp</dimen>
<dimen name="dp301">669dp</dimen>
<dimen name="dp302">671dp</dimen>
<dimen name="dp303">673dp</dimen>
<dimen name="dp304">676dp</dimen>
<dimen name="dp305">678dp</dimen>
<dimen name="dp306">680dp</dimen>
<dimen name="dp307">682dp</dimen>
<dimen name="dp308">684dp</dimen>
<dimen name="dp309">687dp</dimen>
<dimen name="dp310">689dp</dimen>
<dimen name="dp311">691dp</dimen>
<dimen name="dp312">693dp</dimen>
<dimen name="dp313">696dp</dimen>
<dimen name="dp314">698dp</dimen>
<dimen name="dp315">700dp</dimen>
<dimen name="dp316">702dp</dimen>
<dimen name="dp317">704dp</dimen>
<dimen name="dp318">707dp</dimen>
<dimen name="dp319">709dp</dimen>
<dimen name="dp320">711dp</dimen>
<dimen name="dp321">713dp</dimen>
<dimen name="dp322">716dp</dimen>
<dimen name="dp323">718dp</dimen>
<dimen name="dp324">720dp</dimen>
<dimen name="dp325">722dp</dimen>
<dimen name="dp326">724dp</dimen>
<dimen name="dp327">727dp</dimen>
<dimen name="dp328">729dp</dimen>
<dimen name="dp329">731dp</dimen>
<dimen name="dp330">733dp</dimen>
<dimen name="dp331">736dp</dimen>
<dimen name="dp332">738dp</dimen>
<dimen name="dp333">740dp</dimen>
<dimen name="dp334">742dp</dimen>
<dimen name="dp335">744dp</dimen>
<dimen name="dp336">747dp</dimen>
<dimen name="dp337">749dp</dimen>
<dimen name="dp338">751dp</dimen>
<dimen name="dp339">753dp</dimen>
<dimen name="dp340">756dp</dimen>
<dimen name="dp341">758dp</dimen>
<dimen name="dp342">760dp</dimen>
<dimen name="dp343">762dp</dimen>
<dimen name="dp344">764dp</dimen>
<dimen name="dp345">767dp</dimen>
<dimen name="dp346">769dp</dimen>
<dimen name="dp347">771dp</dimen>
<dimen name="dp348">773dp</dimen>
<dimen name="dp349">776dp</dimen>
<dimen name="dp350">778dp</dimen>
<dimen name="dp351">780dp</dimen>
<dimen name="dp352">782dp</dimen>
<dimen name="dp353">784dp</dimen>
<dimen name="dp354">787dp</dimen>
<dimen name="dp355">789dp</dimen>
<dimen name="dp356">791dp</dimen>
<dimen name="dp357">793dp</dimen>
<dimen name="dp358">796dp</dimen>
<dimen name="dp359">798dp</dimen>
<dimen name="dp360">800dp</dimen>
<dimen name="dp361">802dp</dimen>
<dimen name="dp362">804dp</dimen>
<dimen name="dp363">807dp</dimen>
<dimen name="dp364">809dp</dimen>
<dimen name="dp365">811dp</dimen>
<dimen name="dp366">813dp</dimen>
<dimen name="dp367">816dp</dimen>
<dimen name="dp368">818dp</dimen>
<dimen name="dp369">820dp</dimen>
<dimen name="dp370">822dp</dimen>
<dimen name="dp371">824dp</dimen>
<dimen name="dp372">827dp</dimen>
<dimen name="dp373">829dp</dimen>
<dimen name="dp374">831dp</dimen>
<dimen name="dp375">833dp</dimen>
<dimen name="dp376">836dp</dimen>
<dimen name="dp377">838dp</dimen>
<dimen name="dp378">840dp</dimen>
<dimen name="dp379">842dp</dimen>
<dimen name="dp380">844dp</dimen>
<dimen name="dp381">847dp</dimen>
<dimen name="dp382">849dp</dimen>
<dimen name="dp383">851dp</dimen>
<dimen name="dp384">853dp</dimen>
<dimen name="dp385">856dp</dimen>
<dimen name="dp386">858dp</dimen>
<dimen name="dp387">860dp</dimen>
<dimen name="dp388">862dp</dimen>
<dimen name="dp389">864dp</dimen>
<dimen name="dp390">867dp</dimen>
<dimen name="dp391">869dp</dimen>
<dimen name="dp392">871dp</dimen>
<dimen name="dp393">873dp</dimen>
<dimen name="dp394">876dp</dimen>
<dimen name="dp395">878dp</dimen>
<dimen name="dp396">880dp</dimen>
<dimen name="dp397">882dp</dimen>
<dimen name="dp398">884dp</dimen>
<dimen name="dp399">887dp</dimen>
<dimen name="dp400">889dp</dimen>
<dimen name="dp401">891dp</dimen>
<dimen name="dp402">893dp</dimen>
<dimen name="dp403">896dp</dimen>
<dimen name="dp404">898dp</dimen>
<dimen name="dp405">900dp</dimen>
<dimen name="dp406">902dp</dimen>
<dimen name="dp407">904dp</dimen>
<dimen name="dp408">907dp</dimen>
<dimen name="dp409">909dp</dimen>
<dimen name="dp410">911dp</dimen>
<dimen name="dp411">913dp</dimen>
<dimen name="dp412">916dp</dimen>
<dimen name="dp413">918dp</dimen>
<dimen name="dp414">920dp</dimen>
<dimen name="dp415">922dp</dimen>
<dimen name="dp416">924dp</dimen>
<dimen name="dp417">927dp</dimen>
<dimen name="dp418">929dp</dimen>
<dimen name="dp419">931dp</dimen>
<dimen name="dp420">933dp</dimen>
<dimen name="dp421">936dp</dimen>
<dimen name="dp422">938dp</dimen>
<dimen name="dp423">940dp</dimen>
<dimen name="dp424">942dp</dimen>
<dimen name="dp425">944dp</dimen>
<dimen name="dp426">947dp</dimen>
<dimen name="dp427">949dp</dimen>
<dimen name="dp428">951dp</dimen>
<dimen name="dp429">953dp</dimen>
<dimen name="dp430">956dp</dimen>
<dimen name="dp431">958dp</dimen>
<dimen name="dp432">960dp</dimen>
<dimen name="dp433">962dp</dimen>
<dimen name="dp434">964dp</dimen>
<dimen name="dp435">967dp</dimen>
<dimen name="dp436">969dp</dimen>
<dimen name="dp437">971dp</dimen>
<dimen name="dp438">973dp</dimen>
<dimen name="dp439">976dp</dimen>
<dimen name="dp440">978dp</dimen>
<dimen name="dp441">980dp</dimen>
<dimen name="dp442">982dp</dimen>
<dimen name="dp443">984dp</dimen>
<dimen name="dp444">987dp</dimen>
<dimen name="dp445">989dp</dimen>
<dimen name="dp446">991dp</dimen>
<dimen name="dp447">993dp</dimen>
<dimen name="dp448">996dp</dimen>
<dimen name="dp449">998dp</dimen>
<dimen name="dp450">1000dp</dimen>
<dimen name="dp451">1002dp</dimen>
<dimen name="dp452">1004dp</dimen>
<dimen name="dp453">1007dp</dimen>
<dimen name="dp454">1009dp</dimen>
<dimen name="dp455">1011dp</dimen>
<dimen name="dp456">1013dp</dimen>
<dimen name="dp457">1016dp</dimen>
<dimen name="dp458">1018dp</dimen>
<dimen name="dp459">1020dp</dimen>
<dimen name="dp460">1022dp</dimen>
<dimen name="dp461">1024dp</dimen>
<dimen name="dp462">1027dp</dimen>
<dimen name="dp463">1029dp</dimen>
<dimen name="dp464">1031dp</dimen>
<dimen name="dp465">1033dp</dimen>
<dimen name="dp466">1036dp</dimen>
<dimen name="dp467">1038dp</dimen>
<dimen name="dp468">1040dp</dimen>
<dimen name="dp469">1042dp</dimen>
<dimen name="dp470">1044dp</dimen>
<dimen name="dp471">1047dp</dimen>
<dimen name="dp472">1049dp</dimen>
<dimen name="dp473">1051dp</dimen>
<dimen name="dp474">1053dp</dimen>
<dimen name="dp475">1056dp</dimen>
<dimen name="dp476">1058dp</dimen>
<dimen name="dp477">1060dp</dimen>
<dimen name="dp478">1062dp</dimen>
<dimen name="dp479">1064dp</dimen>
<dimen name="dp480">1067dp</dimen>
<dimen name="dp481">1069dp</dimen>
<dimen name="dp482">1071dp</dimen>
<dimen name="dp483">1073dp</dimen>
<dimen name="dp484">1076dp</dimen>
<dimen name="dp485">1078dp</dimen>
<dimen name="dp486">1080dp</dimen>
<dimen name="dp487">1082dp</dimen>
<dimen name="dp488">1084dp</dimen>
<dimen name="dp489">1087dp</dimen>
<dimen name="dp490">1089dp</dimen>
<dimen name="dp491">1091dp</dimen>
<dimen name="dp492">1093dp</dimen>
<dimen name="dp493">1096dp</dimen>
<dimen name="dp494">1098dp</dimen>
<dimen name="dp495">1100dp</dimen>
<dimen name="dp496">1102dp</dimen>
<dimen name="dp497">1104dp</dimen>
<dimen name="dp498">1107dp</dimen>
<dimen name="dp499">1109dp</dimen>
<dimen name="dp500">1111dp</dimen>
<dimen name="dp501">1113dp</dimen>
<dimen name="dp502">1116dp</dimen>
<dimen name="dp503">1118dp</dimen>
<dimen name="dp504">1120dp</dimen>
<dimen name="dp505">1122dp</dimen>
<dimen name="dp506">1124dp</dimen>
<dimen name="dp507">1127dp</dimen>
<dimen name="dp508">1129dp</dimen>
<dimen name="dp509">1131dp</dimen>
<dimen name="dp510">1133dp</dimen>
<dimen name="dp511">1136dp</dimen>
<dimen name="dp512">1138dp</dimen>
<dimen name="dp513">1140dp</dimen>
<dimen name="dp514">1142dp</dimen>
<dimen name="dp515">1144dp</dimen>
<dimen name="dp516">1147dp</dimen>
<dimen name="dp517">1149dp</dimen>
<dimen name="dp518">1151dp</dimen>
<dimen name="dp519">1153dp</dimen>
<dimen name="dp520">1156dp</dimen>
<dimen name="dp521">1158dp</dimen>
<dimen name="dp522">1160dp</dimen>
<dimen name="dp523">1162dp</dimen>
<dimen name="dp524">1164dp</dimen>
<dimen name="dp525">1167dp</dimen>
<dimen name="dp526">1169dp</dimen>
<dimen name="dp527">1171dp</dimen>
<dimen name="dp528">1173dp</dimen>
<dimen name="dp529">1176dp</dimen>
<dimen name="dp530">1178dp</dimen>
<dimen name="dp531">1180dp</dimen>
<dimen name="dp532">1182dp</dimen>
<dimen name="dp533">1184dp</dimen>
<dimen name="dp534">1187dp</dimen>
<dimen name="dp535">1189dp</dimen>
<dimen name="dp536">1191dp</dimen>
<dimen name="dp537">1193dp</dimen>
<dimen name="dp538">1196dp</dimen>
<dimen name="dp539">1198dp</dimen>
<dimen name="dp540">1200dp</dimen>
<dimen name="dp541">1202dp</dimen>
<dimen name="dp542">1204dp</dimen>
<dimen name="dp543">1207dp</dimen>
<dimen name="dp544">1209dp</dimen>
<dimen name="dp545">1211dp</dimen>
<dimen name="dp546">1213dp</dimen>
<dimen name="dp547">1216dp</dimen>
<dimen name="dp548">1218dp</dimen>
<dimen name="dp549">1220dp</dimen>
<dimen name="dp550">1222dp</dimen>
<dimen name="dp551">1224dp</dimen>
<dimen name="dp552">1227dp</dimen>
<dimen name="dp553">1229dp</dimen>
<dimen name="dp554">1231dp</dimen>
<dimen name="dp555">1233dp</dimen>
<dimen name="dp556">1236dp</dimen>
<dimen name="dp557">1238dp</dimen>
<dimen name="dp558">1240dp</dimen>
<dimen name="dp559">1242dp</dimen>
<dimen name="dp560">1244dp</dimen>
<dimen name="dp561">1247dp</dimen>
<dimen name="dp562">1249dp</dimen>
<dimen name="dp563">1251dp</dimen>
<dimen name="dp564">1253dp</dimen>
<dimen name="dp565">1256dp</dimen>
<dimen name="dp566">1258dp</dimen>
<dimen name="dp567">1260dp</dimen>
<dimen name="dp568">1262dp</dimen>
<dimen name="dp569">1264dp</dimen>
<dimen name="dp570">1267dp</dimen>
<dimen name="dp571">1269dp</dimen>
<dimen name="dp572">1271dp</dimen>
<dimen name="dp573">1273dp</dimen>
<dimen name="dp574">1276dp</dimen>
<dimen name="dp575">1278dp</dimen>
<dimen name="dp576">1280dp</dimen>
<dimen name="dp577">1282dp</dimen>
<dimen name="dp578">1284dp</dimen>
<dimen name="dp579">1287dp</dimen>
<dimen name="dp580">1289dp</dimen>
<dimen name="dp581">1291dp</dimen>
<dimen name="dp582">1293dp</dimen>
<dimen name="dp583">1296dp</dimen>
<dimen name="dp584">1298dp</dimen>
<dimen name="dp585">1300dp</dimen>
<dimen name="dp586">1302dp</dimen>
<dimen name="dp587">1304dp</dimen>
<dimen name="dp588">1307dp</dimen>
<dimen name="dp589">1309dp</dimen>
<dimen name="dp590">1311dp</dimen>
<dimen name="dp591">1313dp</dimen>
<dimen name="dp592">1316dp</dimen>
<dimen name="dp593">1318dp</dimen>
<dimen name="dp594">1320dp</dimen>
<dimen name="dp595">1322dp</dimen>
<dimen name="dp596">1324dp</dimen>
<dimen name="dp597">1327dp</dimen>
<dimen name="dp598">1329dp</dimen>
<dimen name="dp599">1331dp</dimen>
<dimen name="dp600">1333dp</dimen>
<dimen name="dp601">1336dp</dimen>
<dimen name="dp602">1338dp</dimen>
<dimen name="dp603">1340dp</dimen>
<dimen name="dp604">1342dp</dimen>
<dimen name="dp605">1344dp</dimen>
<dimen name="dp606">1347dp</dimen>
<dimen name="dp607">1349dp</dimen>
<dimen name="dp608">1351dp</dimen>
<dimen name="dp609">1353dp</dimen>
<dimen name="dp610">1356dp</dimen>
<dimen name="dp611">1358dp</dimen>
<dimen name="dp612">1360dp</dimen>
<dimen name="dp613">1362dp</dimen>
<dimen name="dp614">1364dp</dimen>
<dimen name="dp615">1367dp</dimen>
<dimen name="dp616">1369dp</dimen>
<dimen name="dp617">1371dp</dimen>
<dimen name="dp618">1373dp</dimen>
<dimen name="dp619">1376dp</dimen>
<dimen name="dp620">1378dp</dimen>
<dimen name="dp621">1380dp</dimen>
<dimen name="dp622">1382dp</dimen>
<dimen name="dp623">1384dp</dimen>
<dimen name="dp624">1387dp</dimen>
<dimen name="dp625">1389dp</dimen>
<dimen name="dp626">1391dp</dimen>
<dimen name="dp627">1393dp</dimen>
<dimen name="dp628">1396dp</dimen>
<dimen name="dp629">1398dp</dimen>
<dimen name="dp630">1400dp</dimen>
<dimen name="dp631">1402dp</dimen>
<dimen name="dp632">1404dp</dimen>
<dimen name="dp633">1407dp</dimen>
<dimen name="dp634">1409dp</dimen>
<dimen name="dp635">1411dp</dimen>
<dimen name="dp636">1413dp</dimen>
<dimen name="dp637">1416dp</dimen>
<dimen name="dp638">1418dp</dimen>
<dimen name="dp639">1420dp</dimen>
<dimen name="dp640">1422dp</dimen>
<dimen name="dp641">1424dp</dimen>
<dimen name="dp642">1427dp</dimen>
<dimen name="dp643">1429dp</dimen>
<dimen name="dp644">1431dp</dimen>
<dimen name="dp645">1433dp</dimen>
<dimen name="dp646">1436dp</dimen>
<dimen name="dp647">1438dp</dimen>
<dimen name="dp648">1440dp</dimen>
<dimen name="dp649">1442dp</dimen>
<dimen name="dp650">1444dp</dimen>
<dimen name="dp651">1447dp</dimen>
<dimen name="dp652">1449dp</dimen>
<dimen name="dp653">1451dp</dimen>
<dimen name="dp654">1453dp</dimen>
<dimen name="dp655">1456dp</dimen>
<dimen name="dp656">1458dp</dimen>
<dimen name="dp657">1460dp</dimen>
<dimen name="dp658">1462dp</dimen>
<dimen name="dp659">1464dp</dimen>
<dimen name="dp660">1467dp</dimen>
<dimen name="dp661">1469dp</dimen>
<dimen name="dp662">1471dp</dimen>
<dimen name="dp663">1473dp</dimen>
<dimen name="dp664">1476dp</dimen>
<dimen name="dp665">1478dp</dimen>
<dimen name="dp666">1480dp</dimen>
<dimen name="dp667">1482dp</dimen>
<dimen name="dp668">1484dp</dimen>
<dimen name="dp669">1487dp</dimen>
<dimen name="dp670">1489dp</dimen>
<dimen name="dp671">1491dp</dimen>
<dimen name="dp672">1493dp</dimen>
<dimen name="dp673">1496dp</dimen>
<dimen name="dp674">1498dp</dimen>
<dimen name="dp675">1500dp</dimen>
<dimen name="dp676">1502dp</dimen>
<dimen name="dp677">1504dp</dimen>
<dimen name="dp678">1507dp</dimen>
<dimen name="dp679">1509dp</dimen>
<dimen name="dp680">1511dp</dimen>
<dimen name="dp681">1513dp</dimen>
<dimen name="dp682">1516dp</dimen>
<dimen name="dp683">1518dp</dimen>
<dimen name="dp684">1520dp</dimen>
<dimen name="dp685">1522dp</dimen>
<dimen name="dp686">1524dp</dimen>
<dimen name="dp687">1527dp</dimen>
<dimen name="dp688">1529dp</dimen>
<dimen name="dp689">1531dp</dimen>
<dimen name="dp690">1533dp</dimen>
<dimen name="dp691">1536dp</dimen>
<dimen name="dp692">1538dp</dimen>
<dimen name="dp693">1540dp</dimen>
<dimen name="dp694">1542dp</dimen>
<dimen name="dp695">1544dp</dimen>
<dimen name="dp696">1547dp</dimen>
<dimen name="dp697">1549dp</dimen>
<dimen name="dp698">1551dp</dimen>
<dimen name="dp699">1553dp</dimen>
<dimen name="dp700">1556dp</dimen>
<dimen name="dp701">1558dp</dimen>
<dimen name="dp702">1560dp</dimen>
<dimen name="dp703">1562dp</dimen>
<dimen name="dp704">1564dp</dimen>
<dimen name="dp705">1567dp</dimen>
<dimen name="dp706">1569dp</dimen>
<dimen name="dp707">1571dp</dimen>
<dimen name="dp708">1573dp</dimen>
<dimen name="dp709">1576dp</dimen>
<dimen name="dp710">1578dp</dimen>
<dimen name="dp711">1580dp</dimen>
<dimen name="dp712">1582dp</dimen>
<dimen name="dp713">1584dp</dimen>
<dimen name="dp714">1587dp</dimen>
<dimen name="dp715">1589dp</dimen>
<dimen name="dp716">1591dp</dimen>
<dimen name="dp717">1593dp</dimen>
<dimen name="dp718">1596dp</dimen>
<dimen name="dp719">1598dp</dimen>
<dimen name="dp720">1600dp</dimen>
<dimen name="dp721">1602dp</dimen>
<dimen name="dp722">1604dp</dimen>
<dimen name="dp723">1607dp</dimen>
<dimen name="dp724">1609dp</dimen>
<dimen name="dp725">1611dp</dimen>
<dimen name="dp726">1613dp</dimen>
<dimen name="dp727">1616dp</dimen>
<dimen name="dp728">1618dp</dimen>
<dimen name="dp729">1620dp</dimen>
<dimen name="dp730">1622dp</dimen>
<dimen name="dp731">1624dp</dimen>
<dimen name="dp732">1627dp</dimen>
<dimen name="dp733">1629dp</dimen>
<dimen name="dp734">1631dp</dimen>
<dimen name="dp735">1633dp</dimen>
<dimen name="dp736">1636dp</dimen>
<dimen name="dp737">1638dp</dimen>
<dimen name="dp738">1640dp</dimen>
<dimen name="dp739">1642dp</dimen>
<dimen name="dp740">1644dp</dimen>
<dimen name="dp741">1647dp</dimen>
<dimen name="dp742">1649dp</dimen>
<dimen name="dp743">1651dp</dimen>
<dimen name="dp744">1653dp</dimen>
<dimen name="dp745">1656dp</dimen>
<dimen name="dp746">1658dp</dimen>
<dimen name="dp747">1660dp</dimen>
<dimen name="dp748">1662dp</dimen>
<dimen name="dp749">1664dp</dimen>
<dimen name="dp750">1667dp</dimen>
<dimen name="dp751">1669dp</dimen>
<dimen name="dp752">1671dp</dimen>
<dimen name="dp753">1673dp</dimen>
<dimen name="dp754">1676dp</dimen>
<dimen name="dp755">1678dp</dimen>
<dimen name="dp756">1680dp</dimen>
<dimen name="dp757">1682dp</dimen>
<dimen name="dp758">1684dp</dimen>
<dimen name="dp759">1687dp</dimen>
<dimen name="dp760">1689dp</dimen>
<dimen name="dp761">1691dp</dimen>
<dimen name="dp762">1693dp</dimen>
<dimen name="dp763">1696dp</dimen>
<dimen name="dp764">1698dp</dimen>
<dimen name="dp765">1700dp</dimen>
<dimen name="dp766">1702dp</dimen>
<dimen name="dp767">1704dp</dimen>
<dimen name="dp768">1707dp</dimen>
<dimen name="dp769">1709dp</dimen>
<dimen name="dp770">1711dp</dimen>
<dimen name="dp771">1713dp</dimen>
<dimen name="dp772">1716dp</dimen>
<dimen name="dp773">1718dp</dimen>
<dimen name="dp774">1720dp</dimen>
<dimen name="dp775">1722dp</dimen>
<dimen name="dp776">1724dp</dimen>
<dimen name="dp777">1727dp</dimen>
<dimen name="dp778">1729dp</dimen>
<dimen name="dp779">1731dp</dimen>
<dimen name="dp780">1733dp</dimen>
<dimen name="dp781">1736dp</dimen>
<dimen name="dp782">1738dp</dimen>
<dimen name="dp783">1740dp</dimen>
<dimen name="dp784">1742dp</dimen>
<dimen name="dp785">1744dp</dimen>
<dimen name="dp786">1747dp</dimen>
<dimen name="dp787">1749dp</dimen>
<dimen name="dp788">1751dp</dimen>
<dimen name="dp789">1753dp</dimen>
<dimen name="dp790">1756dp</dimen>
<dimen name="dp791">1758dp</dimen>
<dimen name="dp792">1760dp</dimen>
<dimen name="dp793">1762dp</dimen>
<dimen name="dp794">1764dp</dimen>
<dimen name="dp795">1767dp</dimen>
<dimen name="dp796">1769dp</dimen>
<dimen name="dp797">1771dp</dimen>
<dimen name="dp798">1773dp</dimen>
<dimen name="dp799">1776dp</dimen>
<dimen name="dp800">1778dp</dimen>
<dimen name="dp801">1780dp</dimen>
<dimen name="dp802">1782dp</dimen>
<dimen name="dp803">1784dp</dimen>
<dimen name="dp804">1787dp</dimen>
<dimen name="dp805">1789dp</dimen>
<dimen name="dp806">1791dp</dimen>
<dimen name="dp807">1793dp</dimen>
<dimen name="dp808">1796dp</dimen>
<dimen name="dp809">1798dp</dimen>
<dimen name="dp810">1800dp</dimen>
<dimen name="dp811">1802dp</dimen>
<dimen name="dp812">1804dp</dimen>
<dimen name="dp813">1807dp</dimen>
<dimen name="dp814">1809dp</dimen>
<dimen name="dp815">1811dp</dimen>
<dimen name="dp816">1813dp</dimen>
<dimen name="dp817">1816dp</dimen>
<dimen name="dp818">1818dp</dimen>
<dimen name="dp819">1820dp</dimen>
<dimen name="dp820">1822dp</dimen>
<dimen name="dp821">1824dp</dimen>
<dimen name="dp822">1827dp</dimen>
<dimen name="dp823">1829dp</dimen>
<dimen name="dp824">1831dp</dimen>
<dimen name="dp825">1833dp</dimen>
<dimen name="dp826">1836dp</dimen>
<dimen name="dp827">1838dp</dimen>
<dimen name="dp828">1840dp</dimen>
<dimen name="dp829">1842dp</dimen>
<dimen name="dp830">1844dp</dimen>
<dimen name="dp831">1847dp</dimen>
<dimen name="dp832">1849dp</dimen>
<dimen name="dp833">1851dp</dimen>
<dimen name="dp834">1853dp</dimen>
<dimen name="dp835">1856dp</dimen>
<dimen name="dp836">1858dp</dimen>
<dimen name="dp837">1860dp</dimen>
<dimen name="dp838">1862dp</dimen>
<dimen name="dp839">1864dp</dimen>
<dimen name="dp840">1867dp</dimen>
<dimen name="dp841">1869dp</dimen>
<dimen name="dp842">1871dp</dimen>
<dimen name="dp843">1873dp</dimen>
<dimen name="dp844">1876dp</dimen>
<dimen name="dp845">1878dp</dimen>
<dimen name="dp846">1880dp</dimen>
<dimen name="dp847">1882dp</dimen>
<dimen name="dp848">1884dp</dimen>
<dimen name="dp849">1887dp</dimen>
<dimen name="dp850">1889dp</dimen>
<dimen name="dp851">1891dp</dimen>
<dimen name="dp852">1893dp</dimen>
<dimen name="dp853">1896dp</dimen>
<dimen name="dp854">1898dp</dimen>
<dimen name="dp855">1900dp</dimen>
<dimen name="dp856">1902dp</dimen>
<dimen name="dp857">1904dp</dimen>
<dimen name="dp858">1907dp</dimen>
<dimen name="dp859">1909dp</dimen>
<dimen name="dp860">1911dp</dimen>
<dimen name="dp861">1913dp</dimen>
<dimen name="dp862">1916dp</dimen>
<dimen name="dp863">1918dp</dimen>
<dimen name="dp864">1920dp</dimen>
<dimen name="dp865">1922dp</dimen>
<dimen name="dp866">1924dp</dimen>
<dimen name="dp867">1927dp</dimen>
<dimen name="dp868">1929dp</dimen>
<dimen name="dp869">1931dp</dimen>
<dimen name="dp870">1933dp</dimen>
<dimen name="dp871">1936dp</dimen>
<dimen name="dp872">1938dp</dimen>
<dimen name="dp873">1940dp</dimen>
<dimen name="dp874">1942dp</dimen>
<dimen name="dp875">1944dp</dimen>
<dimen name="dp876">1947dp</dimen>
<dimen name="dp877">1949dp</dimen>
<dimen name="dp878">1951dp</dimen>
<dimen name="dp879">1953dp</dimen>
<dimen name="dp880">1956dp</dimen>
<dimen name="dp881">1958dp</dimen>
<dimen name="dp882">1960dp</dimen>
<dimen name="dp883">1962dp</dimen>
<dimen name="dp884">1964dp</dimen>
<dimen name="dp885">1967dp</dimen>
<dimen name="dp886">1969dp</dimen>
<dimen name="dp887">1971dp</dimen>
<dimen name="dp888">1973dp</dimen>
<dimen name="dp889">1976dp</dimen>
<dimen name="dp890">1978dp</dimen>
<dimen name="dp891">1980dp</dimen>
<dimen name="dp892">1982dp</dimen>
<dimen name="dp893">1984dp</dimen>
<dimen name="dp894">1987dp</dimen>
<dimen name="dp895">1989dp</dimen>
<dimen name="dp896">1991dp</dimen>
<dimen name="dp897">1993dp</dimen>
<dimen name="dp898">1996dp</dimen>
<dimen name="dp899">1998dp</dimen>
<dimen name="dp900">2000dp</dimen>
<dimen name="dp901">2002dp</dimen>
<dimen name="dp902">2004dp</dimen>
<dimen name="dp903">2007dp</dimen>
<dimen name="dp904">2009dp</dimen>
<dimen name="dp905">2011dp</dimen>
<dimen name="dp906">2013dp</dimen>
<dimen name="dp907">2016dp</dimen>
<dimen name="dp908">2018dp</dimen>
<dimen name="dp909">2020dp</dimen>
<dimen name="dp910">2022dp</dimen>
<dimen name="dp911">2024dp</dimen>
<dimen name="dp912">2027dp</dimen>
<dimen name="dp913">2029dp</dimen>
<dimen name="dp914">2031dp</dimen>
<dimen name="dp915">2033dp</dimen>
<dimen name="dp916">2036dp</dimen>
<dimen name="dp917">2038dp</dimen>
<dimen name="dp918">2040dp</dimen>
<dimen name="dp919">2042dp</dimen>
<dimen name="dp920">2044dp</dimen>
<dimen name="dp921">2047dp</dimen>
<dimen name="dp922">2049dp</dimen>
<dimen name="dp923">2051dp</dimen>
<dimen name="dp924">2053dp</dimen>
<dimen name="dp925">2056dp</dimen>
<dimen name="dp926">2058dp</dimen>
<dimen name="dp927">2060dp</dimen>
<dimen name="dp928">2062dp</dimen>
<dimen name="dp929">2064dp</dimen>
<dimen name="dp930">2067dp</dimen>
<dimen name="dp931">2069dp</dimen>
<dimen name="dp932">2071dp</dimen>
<dimen name="dp933">2073dp</dimen>
<dimen name="dp934">2076dp</dimen>
<dimen name="dp935">2078dp</dimen>
<dimen name="dp936">2080dp</dimen>
<dimen name="dp937">2082dp</dimen>
<dimen name="dp938">2084dp</dimen>
<dimen name="dp939">2087dp</dimen>
<dimen name="dp940">2089dp</dimen>
<dimen name="dp941">2091dp</dimen>
<dimen name="dp942">2093dp</dimen>
<dimen name="dp943">2096dp</dimen>
<dimen name="dp944">2098dp</dimen>
<dimen name="dp945">2100dp</dimen>
<dimen name="dp946">2102dp</dimen>
<dimen name="dp947">2104dp</dimen>
<dimen name="dp948">2107dp</dimen>
<dimen name="dp949">2109dp</dimen>
<dimen name="dp950">2111dp</dimen>
<dimen name="dp951">2113dp</dimen>
<dimen name="dp952">2116dp</dimen>
<dimen name="dp953">2118dp</dimen>
<dimen name="dp954">2120dp</dimen>
<dimen name="dp955">2122dp</dimen>
<dimen name="dp956">2124dp</dimen>
<dimen name="dp957">2127dp</dimen>
<dimen name="dp958">2129dp</dimen>
<dimen name="dp959">2131dp</dimen>
<dimen name="dp960">2133dp</dimen>
<dimen name="dp961">2136dp</dimen>
<dimen name="dp962">2138dp</dimen>
<dimen name="dp963">2140dp</dimen>
<dimen name="dp964">2142dp</dimen>
<dimen name="dp965">2144dp</dimen>
<dimen name="dp966">2147dp</dimen>
<dimen name="dp967">2149dp</dimen>
<dimen name="dp968">2151dp</dimen>
<dimen name="dp969">2153dp</dimen>
<dimen name="dp970">2156dp</dimen>
<dimen name="dp971">2158dp</dimen>
<dimen name="dp972">2160dp</dimen>
<dimen name="dp973">2162dp</dimen>
<dimen name="dp974">2164dp</dimen>
<dimen name="dp975">2167dp</dimen>
<dimen name="dp976">2169dp</dimen>
<dimen name="dp977">2171dp</dimen>
<dimen name="dp978">2173dp</dimen>
<dimen name="dp979">2176dp</dimen>
<dimen name="dp980">2178dp</dimen>
<dimen name="dp981">2180dp</dimen>
<dimen name="dp982">2182dp</dimen>
<dimen name="dp983">2184dp</dimen>
<dimen name="dp984">2187dp</dimen>
<dimen name="dp985">2189dp</dimen>
<dimen name="dp986">2191dp</dimen>
<dimen name="dp987">2193dp</dimen>
<dimen name="dp988">2196dp</dimen>
<dimen name="dp989">2198dp</dimen>
<dimen name="dp990">2200dp</dimen>
<dimen name="dp991">2202dp</dimen>
<dimen name="dp992">2204dp</dimen>
<dimen name="dp993">2207dp</dimen>
<dimen name="dp994">2209dp</dimen>
<dimen name="dp995">2211dp</dimen>
<dimen name="dp996">2213dp</dimen>
<dimen name="dp997">2216dp</dimen>
<dimen name="dp998">2218dp</dimen>
<dimen name="dp999">2220dp</dimen>
<dimen name="dp1000">2222dp</dimen>
<dimen name="sp1">2sp</dimen>
<dimen name="sp2">4sp</dimen>
<dimen name="sp3">7sp</dimen>
<dimen name="sp4">9sp</dimen>
<dimen name="sp5">11sp</dimen>
<dimen name="sp6">13sp</dimen>
<dimen name="sp7">16sp</dimen>
<dimen name="sp8">18sp</dimen>
<dimen name="sp9">20sp</dimen>
<dimen name="sp10">22sp</dimen>
<dimen name="sp11">24sp</dimen>
<dimen name="sp12">27sp</dimen>
<dimen name="sp13">29sp</dimen>
<dimen name="sp14">31sp</dimen>
<dimen name="sp15">33sp</dimen>
<dimen name="sp16">36sp</dimen>
<dimen name="sp17">38sp</dimen>
<dimen name="sp18">40sp</dimen>
<dimen name="sp19">42sp</dimen>
<dimen name="sp20">44sp</dimen>
<dimen name="sp21">47sp</dimen>
<dimen name="sp22">49sp</dimen>
<dimen name="sp23">51sp</dimen>
<dimen name="sp24">53sp</dimen>
<dimen name="sp25">56sp</dimen>
<dimen name="sp26">58sp</dimen>
<dimen name="sp27">60sp</dimen>
<dimen name="sp28">62sp</dimen>
<dimen name="sp29">64sp</dimen>
<dimen name="sp30">67sp</dimen>
<dimen name="sp31">69sp</dimen>
<dimen name="sp32">71sp</dimen>
<dimen name="sp33">73sp</dimen>
<dimen name="sp34">76sp</dimen>
<dimen name="sp35">78sp</dimen>
<dimen name="sp36">80sp</dimen>
<dimen name="sp37">82sp</dimen>
<dimen name="sp38">84sp</dimen>
<dimen name="sp39">87sp</dimen>
<dimen name="sp40">89sp</dimen>
<dimen name="sp41">91sp</dimen>
<dimen name="sp42">93sp</dimen>
<dimen name="sp43">96sp</dimen>
<dimen name="sp44">98sp</dimen>
<dimen name="sp45">100sp</dimen>
<dimen name="sp46">102sp</dimen>
<dimen name="sp47">104sp</dimen>
<dimen name="sp48">107sp</dimen>
<dimen name="sp49">109sp</dimen>
<dimen name="sp50">111sp</dimen>
<dimen name="dpneg25">-56dp</dimen>
<dimen name="dpneg24">-53dp</dimen>
<dimen name="dpneg23">-51dp</dimen>
<dimen name="dpneg22">-49dp</dimen>
<dimen name="dpneg21">-47dp</dimen>
<dimen name="dpneg20">-44dp</dimen>
<dimen name="dpneg19">-42dp</dimen>
<dimen name="dpneg18">-40dp</dimen>
<dimen name="dpneg17">-38dp</dimen>
<dimen name="dpneg16">-36dp</dimen>
<dimen name="dpneg15">-33dp</dimen>
<dimen name="dpneg14">-31dp</dimen>
<dimen name="dpneg13">-29dp</dimen>
<dimen name="dpneg12">-27dp</dimen>
<dimen name="dpneg11">-24dp</dimen>
<dimen name="dpneg10">-22dp</dimen>
<dimen name="dpneg9">-20dp</dimen>
<dimen name="dpneg8">-18dp</dimen>
<dimen name="dpneg7">-16dp</dimen>
<dimen name="dpneg6">-13dp</dimen>
<dimen name="dpneg5">-11dp</dimen>
<dimen name="dpneg4">-9dp</dimen>
<dimen name="dpneg3">-7dp</dimen>
<dimen name="dpneg2">-4dp</dimen>
<dimen name="dpneg1">-2dp</dimen>
</resources>
