<?xml version="1.0" encoding="utf-8"?>
<resources>
<dimen name="dp1">2dp</dimen>
<dimen name="dp2">3dp</dimen>
<dimen name="dp3">5dp</dimen>
<dimen name="dp4">7dp</dimen>
<dimen name="dp5">8dp</dimen>
<dimen name="dp6">10dp</dimen>
<dimen name="dp7">12dp</dimen>
<dimen name="dp8">13dp</dimen>
<dimen name="dp9">15dp</dimen>
<dimen name="dp10">17dp</dimen>
<dimen name="dp11">18dp</dimen>
<dimen name="dp12">20dp</dimen>
<dimen name="dp13">22dp</dimen>
<dimen name="dp14">23dp</dimen>
<dimen name="dp15">25dp</dimen>
<dimen name="dp16">27dp</dimen>
<dimen name="dp17">28dp</dimen>
<dimen name="dp18">30dp</dimen>
<dimen name="dp19">32dp</dimen>
<dimen name="dp20">33dp</dimen>
<dimen name="dp21">35dp</dimen>
<dimen name="dp22">37dp</dimen>
<dimen name="dp23">38dp</dimen>
<dimen name="dp24">40dp</dimen>
<dimen name="dp25">42dp</dimen>
<dimen name="dp26">43dp</dimen>
<dimen name="dp27">45dp</dimen>
<dimen name="dp28">47dp</dimen>
<dimen name="dp29">48dp</dimen>
<dimen name="dp30">50dp</dimen>
<dimen name="dp31">52dp</dimen>
<dimen name="dp32">53dp</dimen>
<dimen name="dp33">55dp</dimen>
<dimen name="dp34">57dp</dimen>
<dimen name="dp35">58dp</dimen>
<dimen name="dp36">60dp</dimen>
<dimen name="dp37">62dp</dimen>
<dimen name="dp38">63dp</dimen>
<dimen name="dp39">65dp</dimen>
<dimen name="dp40">67dp</dimen>
<dimen name="dp41">68dp</dimen>
<dimen name="dp42">70dp</dimen>
<dimen name="dp43">72dp</dimen>
<dimen name="dp44">73dp</dimen>
<dimen name="dp45">75dp</dimen>
<dimen name="dp46">77dp</dimen>
<dimen name="dp47">78dp</dimen>
<dimen name="dp48">80dp</dimen>
<dimen name="dp49">82dp</dimen>
<dimen name="dp50">83dp</dimen>
<dimen name="dp51">85dp</dimen>
<dimen name="dp52">87dp</dimen>
<dimen name="dp53">88dp</dimen>
<dimen name="dp54">90dp</dimen>
<dimen name="dp55">92dp</dimen>
<dimen name="dp56">93dp</dimen>
<dimen name="dp57">95dp</dimen>
<dimen name="dp58">97dp</dimen>
<dimen name="dp59">98dp</dimen>
<dimen name="dp60">100dp</dimen>
<dimen name="dp61">102dp</dimen>
<dimen name="dp62">103dp</dimen>
<dimen name="dp63">105dp</dimen>
<dimen name="dp64">107dp</dimen>
<dimen name="dp65">108dp</dimen>
<dimen name="dp66">110dp</dimen>
<dimen name="dp67">112dp</dimen>
<dimen name="dp68">113dp</dimen>
<dimen name="dp69">115dp</dimen>
<dimen name="dp70">117dp</dimen>
<dimen name="dp71">118dp</dimen>
<dimen name="dp72">120dp</dimen>
<dimen name="dp73">122dp</dimen>
<dimen name="dp74">123dp</dimen>
<dimen name="dp75">125dp</dimen>
<dimen name="dp76">127dp</dimen>
<dimen name="dp77">128dp</dimen>
<dimen name="dp78">130dp</dimen>
<dimen name="dp79">132dp</dimen>
<dimen name="dp80">133dp</dimen>
<dimen name="dp81">135dp</dimen>
<dimen name="dp82">137dp</dimen>
<dimen name="dp83">138dp</dimen>
<dimen name="dp84">140dp</dimen>
<dimen name="dp85">142dp</dimen>
<dimen name="dp86">143dp</dimen>
<dimen name="dp87">145dp</dimen>
<dimen name="dp88">147dp</dimen>
<dimen name="dp89">148dp</dimen>
<dimen name="dp90">150dp</dimen>
<dimen name="dp91">152dp</dimen>
<dimen name="dp92">153dp</dimen>
<dimen name="dp93">155dp</dimen>
<dimen name="dp94">157dp</dimen>
<dimen name="dp95">158dp</dimen>
<dimen name="dp96">160dp</dimen>
<dimen name="dp97">162dp</dimen>
<dimen name="dp98">163dp</dimen>
<dimen name="dp99">165dp</dimen>
<dimen name="dp100">167dp</dimen>
<dimen name="dp101">168dp</dimen>
<dimen name="dp102">170dp</dimen>
<dimen name="dp103">172dp</dimen>
<dimen name="dp104">173dp</dimen>
<dimen name="dp105">175dp</dimen>
<dimen name="dp106">177dp</dimen>
<dimen name="dp107">178dp</dimen>
<dimen name="dp108">180dp</dimen>
<dimen name="dp109">182dp</dimen>
<dimen name="dp110">183dp</dimen>
<dimen name="dp111">185dp</dimen>
<dimen name="dp112">187dp</dimen>
<dimen name="dp113">188dp</dimen>
<dimen name="dp114">190dp</dimen>
<dimen name="dp115">192dp</dimen>
<dimen name="dp116">193dp</dimen>
<dimen name="dp117">195dp</dimen>
<dimen name="dp118">197dp</dimen>
<dimen name="dp119">198dp</dimen>
<dimen name="dp120">200dp</dimen>
<dimen name="dp121">202dp</dimen>
<dimen name="dp122">203dp</dimen>
<dimen name="dp123">205dp</dimen>
<dimen name="dp124">207dp</dimen>
<dimen name="dp125">208dp</dimen>
<dimen name="dp126">210dp</dimen>
<dimen name="dp127">212dp</dimen>
<dimen name="dp128">213dp</dimen>
<dimen name="dp129">215dp</dimen>
<dimen name="dp130">217dp</dimen>
<dimen name="dp131">218dp</dimen>
<dimen name="dp132">220dp</dimen>
<dimen name="dp133">222dp</dimen>
<dimen name="dp134">223dp</dimen>
<dimen name="dp135">225dp</dimen>
<dimen name="dp136">227dp</dimen>
<dimen name="dp137">228dp</dimen>
<dimen name="dp138">230dp</dimen>
<dimen name="dp139">232dp</dimen>
<dimen name="dp140">233dp</dimen>
<dimen name="dp141">235dp</dimen>
<dimen name="dp142">237dp</dimen>
<dimen name="dp143">238dp</dimen>
<dimen name="dp144">240dp</dimen>
<dimen name="dp145">242dp</dimen>
<dimen name="dp146">243dp</dimen>
<dimen name="dp147">245dp</dimen>
<dimen name="dp148">247dp</dimen>
<dimen name="dp149">248dp</dimen>
<dimen name="dp150">250dp</dimen>
<dimen name="dp151">252dp</dimen>
<dimen name="dp152">253dp</dimen>
<dimen name="dp153">255dp</dimen>
<dimen name="dp154">257dp</dimen>
<dimen name="dp155">258dp</dimen>
<dimen name="dp156">260dp</dimen>
<dimen name="dp157">262dp</dimen>
<dimen name="dp158">263dp</dimen>
<dimen name="dp159">265dp</dimen>
<dimen name="dp160">267dp</dimen>
<dimen name="dp161">268dp</dimen>
<dimen name="dp162">270dp</dimen>
<dimen name="dp163">272dp</dimen>
<dimen name="dp164">273dp</dimen>
<dimen name="dp165">275dp</dimen>
<dimen name="dp166">277dp</dimen>
<dimen name="dp167">278dp</dimen>
<dimen name="dp168">280dp</dimen>
<dimen name="dp169">282dp</dimen>
<dimen name="dp170">283dp</dimen>
<dimen name="dp171">285dp</dimen>
<dimen name="dp172">287dp</dimen>
<dimen name="dp173">288dp</dimen>
<dimen name="dp174">290dp</dimen>
<dimen name="dp175">292dp</dimen>
<dimen name="dp176">293dp</dimen>
<dimen name="dp177">295dp</dimen>
<dimen name="dp178">297dp</dimen>
<dimen name="dp179">298dp</dimen>
<dimen name="dp180">300dp</dimen>
<dimen name="dp181">302dp</dimen>
<dimen name="dp182">303dp</dimen>
<dimen name="dp183">305dp</dimen>
<dimen name="dp184">307dp</dimen>
<dimen name="dp185">308dp</dimen>
<dimen name="dp186">310dp</dimen>
<dimen name="dp187">312dp</dimen>
<dimen name="dp188">313dp</dimen>
<dimen name="dp189">315dp</dimen>
<dimen name="dp190">317dp</dimen>
<dimen name="dp191">318dp</dimen>
<dimen name="dp192">320dp</dimen>
<dimen name="dp193">322dp</dimen>
<dimen name="dp194">323dp</dimen>
<dimen name="dp195">325dp</dimen>
<dimen name="dp196">327dp</dimen>
<dimen name="dp197">328dp</dimen>
<dimen name="dp198">330dp</dimen>
<dimen name="dp199">332dp</dimen>
<dimen name="dp200">333dp</dimen>
<dimen name="dp201">335dp</dimen>
<dimen name="dp202">337dp</dimen>
<dimen name="dp203">338dp</dimen>
<dimen name="dp204">340dp</dimen>
<dimen name="dp205">342dp</dimen>
<dimen name="dp206">343dp</dimen>
<dimen name="dp207">345dp</dimen>
<dimen name="dp208">347dp</dimen>
<dimen name="dp209">348dp</dimen>
<dimen name="dp210">350dp</dimen>
<dimen name="dp211">352dp</dimen>
<dimen name="dp212">353dp</dimen>
<dimen name="dp213">355dp</dimen>
<dimen name="dp214">357dp</dimen>
<dimen name="dp215">358dp</dimen>
<dimen name="dp216">360dp</dimen>
<dimen name="dp217">362dp</dimen>
<dimen name="dp218">363dp</dimen>
<dimen name="dp219">365dp</dimen>
<dimen name="dp220">367dp</dimen>
<dimen name="dp221">368dp</dimen>
<dimen name="dp222">370dp</dimen>
<dimen name="dp223">372dp</dimen>
<dimen name="dp224">373dp</dimen>
<dimen name="dp225">375dp</dimen>
<dimen name="dp226">377dp</dimen>
<dimen name="dp227">378dp</dimen>
<dimen name="dp228">380dp</dimen>
<dimen name="dp229">382dp</dimen>
<dimen name="dp230">383dp</dimen>
<dimen name="dp231">385dp</dimen>
<dimen name="dp232">387dp</dimen>
<dimen name="dp233">388dp</dimen>
<dimen name="dp234">390dp</dimen>
<dimen name="dp235">392dp</dimen>
<dimen name="dp236">393dp</dimen>
<dimen name="dp237">395dp</dimen>
<dimen name="dp238">397dp</dimen>
<dimen name="dp239">398dp</dimen>
<dimen name="dp240">400dp</dimen>
<dimen name="dp241">402dp</dimen>
<dimen name="dp242">403dp</dimen>
<dimen name="dp243">405dp</dimen>
<dimen name="dp244">407dp</dimen>
<dimen name="dp245">408dp</dimen>
<dimen name="dp246">410dp</dimen>
<dimen name="dp247">412dp</dimen>
<dimen name="dp248">413dp</dimen>
<dimen name="dp249">415dp</dimen>
<dimen name="dp250">417dp</dimen>
<dimen name="dp251">418dp</dimen>
<dimen name="dp252">420dp</dimen>
<dimen name="dp253">422dp</dimen>
<dimen name="dp254">423dp</dimen>
<dimen name="dp255">425dp</dimen>
<dimen name="dp256">427dp</dimen>
<dimen name="dp257">428dp</dimen>
<dimen name="dp258">430dp</dimen>
<dimen name="dp259">432dp</dimen>
<dimen name="dp260">433dp</dimen>
<dimen name="dp261">435dp</dimen>
<dimen name="dp262">437dp</dimen>
<dimen name="dp263">438dp</dimen>
<dimen name="dp264">440dp</dimen>
<dimen name="dp265">442dp</dimen>
<dimen name="dp266">443dp</dimen>
<dimen name="dp267">445dp</dimen>
<dimen name="dp268">447dp</dimen>
<dimen name="dp269">448dp</dimen>
<dimen name="dp270">450dp</dimen>
<dimen name="dp271">452dp</dimen>
<dimen name="dp272">453dp</dimen>
<dimen name="dp273">455dp</dimen>
<dimen name="dp274">457dp</dimen>
<dimen name="dp275">458dp</dimen>
<dimen name="dp276">460dp</dimen>
<dimen name="dp277">462dp</dimen>
<dimen name="dp278">463dp</dimen>
<dimen name="dp279">465dp</dimen>
<dimen name="dp280">467dp</dimen>
<dimen name="dp281">468dp</dimen>
<dimen name="dp282">470dp</dimen>
<dimen name="dp283">472dp</dimen>
<dimen name="dp284">473dp</dimen>
<dimen name="dp285">475dp</dimen>
<dimen name="dp286">477dp</dimen>
<dimen name="dp287">478dp</dimen>
<dimen name="dp288">480dp</dimen>
<dimen name="dp289">482dp</dimen>
<dimen name="dp290">483dp</dimen>
<dimen name="dp291">485dp</dimen>
<dimen name="dp292">487dp</dimen>
<dimen name="dp293">488dp</dimen>
<dimen name="dp294">490dp</dimen>
<dimen name="dp295">492dp</dimen>
<dimen name="dp296">493dp</dimen>
<dimen name="dp297">495dp</dimen>
<dimen name="dp298">497dp</dimen>
<dimen name="dp299">498dp</dimen>
<dimen name="dp300">500dp</dimen>
<dimen name="dp301">502dp</dimen>
<dimen name="dp302">503dp</dimen>
<dimen name="dp303">505dp</dimen>
<dimen name="dp304">507dp</dimen>
<dimen name="dp305">508dp</dimen>
<dimen name="dp306">510dp</dimen>
<dimen name="dp307">512dp</dimen>
<dimen name="dp308">513dp</dimen>
<dimen name="dp309">515dp</dimen>
<dimen name="dp310">517dp</dimen>
<dimen name="dp311">518dp</dimen>
<dimen name="dp312">520dp</dimen>
<dimen name="dp313">522dp</dimen>
<dimen name="dp314">523dp</dimen>
<dimen name="dp315">525dp</dimen>
<dimen name="dp316">527dp</dimen>
<dimen name="dp317">528dp</dimen>
<dimen name="dp318">530dp</dimen>
<dimen name="dp319">532dp</dimen>
<dimen name="dp320">533dp</dimen>
<dimen name="dp321">535dp</dimen>
<dimen name="dp322">537dp</dimen>
<dimen name="dp323">538dp</dimen>
<dimen name="dp324">540dp</dimen>
<dimen name="dp325">542dp</dimen>
<dimen name="dp326">543dp</dimen>
<dimen name="dp327">545dp</dimen>
<dimen name="dp328">547dp</dimen>
<dimen name="dp329">548dp</dimen>
<dimen name="dp330">550dp</dimen>
<dimen name="dp331">552dp</dimen>
<dimen name="dp332">553dp</dimen>
<dimen name="dp333">555dp</dimen>
<dimen name="dp334">557dp</dimen>
<dimen name="dp335">558dp</dimen>
<dimen name="dp336">560dp</dimen>
<dimen name="dp337">562dp</dimen>
<dimen name="dp338">563dp</dimen>
<dimen name="dp339">565dp</dimen>
<dimen name="dp340">567dp</dimen>
<dimen name="dp341">568dp</dimen>
<dimen name="dp342">570dp</dimen>
<dimen name="dp343">572dp</dimen>
<dimen name="dp344">573dp</dimen>
<dimen name="dp345">575dp</dimen>
<dimen name="dp346">577dp</dimen>
<dimen name="dp347">578dp</dimen>
<dimen name="dp348">580dp</dimen>
<dimen name="dp349">582dp</dimen>
<dimen name="dp350">583dp</dimen>
<dimen name="dp351">585dp</dimen>
<dimen name="dp352">587dp</dimen>
<dimen name="dp353">588dp</dimen>
<dimen name="dp354">590dp</dimen>
<dimen name="dp355">592dp</dimen>
<dimen name="dp356">593dp</dimen>
<dimen name="dp357">595dp</dimen>
<dimen name="dp358">597dp</dimen>
<dimen name="dp359">598dp</dimen>
<dimen name="dp360">600dp</dimen>
<dimen name="dp361">602dp</dimen>
<dimen name="dp362">603dp</dimen>
<dimen name="dp363">605dp</dimen>
<dimen name="dp364">607dp</dimen>
<dimen name="dp365">608dp</dimen>
<dimen name="dp366">610dp</dimen>
<dimen name="dp367">612dp</dimen>
<dimen name="dp368">613dp</dimen>
<dimen name="dp369">615dp</dimen>
<dimen name="dp370">617dp</dimen>
<dimen name="dp371">618dp</dimen>
<dimen name="dp372">620dp</dimen>
<dimen name="dp373">622dp</dimen>
<dimen name="dp374">623dp</dimen>
<dimen name="dp375">625dp</dimen>
<dimen name="dp376">627dp</dimen>
<dimen name="dp377">628dp</dimen>
<dimen name="dp378">630dp</dimen>
<dimen name="dp379">632dp</dimen>
<dimen name="dp380">633dp</dimen>
<dimen name="dp381">635dp</dimen>
<dimen name="dp382">637dp</dimen>
<dimen name="dp383">638dp</dimen>
<dimen name="dp384">640dp</dimen>
<dimen name="dp385">642dp</dimen>
<dimen name="dp386">643dp</dimen>
<dimen name="dp387">645dp</dimen>
<dimen name="dp388">647dp</dimen>
<dimen name="dp389">648dp</dimen>
<dimen name="dp390">650dp</dimen>
<dimen name="dp391">652dp</dimen>
<dimen name="dp392">653dp</dimen>
<dimen name="dp393">655dp</dimen>
<dimen name="dp394">657dp</dimen>
<dimen name="dp395">658dp</dimen>
<dimen name="dp396">660dp</dimen>
<dimen name="dp397">662dp</dimen>
<dimen name="dp398">663dp</dimen>
<dimen name="dp399">665dp</dimen>
<dimen name="dp400">667dp</dimen>
<dimen name="dp401">668dp</dimen>
<dimen name="dp402">670dp</dimen>
<dimen name="dp403">672dp</dimen>
<dimen name="dp404">673dp</dimen>
<dimen name="dp405">675dp</dimen>
<dimen name="dp406">677dp</dimen>
<dimen name="dp407">678dp</dimen>
<dimen name="dp408">680dp</dimen>
<dimen name="dp409">682dp</dimen>
<dimen name="dp410">683dp</dimen>
<dimen name="dp411">685dp</dimen>
<dimen name="dp412">687dp</dimen>
<dimen name="dp413">688dp</dimen>
<dimen name="dp414">690dp</dimen>
<dimen name="dp415">692dp</dimen>
<dimen name="dp416">693dp</dimen>
<dimen name="dp417">695dp</dimen>
<dimen name="dp418">697dp</dimen>
<dimen name="dp419">698dp</dimen>
<dimen name="dp420">700dp</dimen>
<dimen name="dp421">702dp</dimen>
<dimen name="dp422">703dp</dimen>
<dimen name="dp423">705dp</dimen>
<dimen name="dp424">707dp</dimen>
<dimen name="dp425">708dp</dimen>
<dimen name="dp426">710dp</dimen>
<dimen name="dp427">712dp</dimen>
<dimen name="dp428">713dp</dimen>
<dimen name="dp429">715dp</dimen>
<dimen name="dp430">717dp</dimen>
<dimen name="dp431">718dp</dimen>
<dimen name="dp432">720dp</dimen>
<dimen name="dp433">722dp</dimen>
<dimen name="dp434">723dp</dimen>
<dimen name="dp435">725dp</dimen>
<dimen name="dp436">727dp</dimen>
<dimen name="dp437">728dp</dimen>
<dimen name="dp438">730dp</dimen>
<dimen name="dp439">732dp</dimen>
<dimen name="dp440">733dp</dimen>
<dimen name="dp441">735dp</dimen>
<dimen name="dp442">737dp</dimen>
<dimen name="dp443">738dp</dimen>
<dimen name="dp444">740dp</dimen>
<dimen name="dp445">742dp</dimen>
<dimen name="dp446">743dp</dimen>
<dimen name="dp447">745dp</dimen>
<dimen name="dp448">747dp</dimen>
<dimen name="dp449">748dp</dimen>
<dimen name="dp450">750dp</dimen>
<dimen name="dp451">752dp</dimen>
<dimen name="dp452">753dp</dimen>
<dimen name="dp453">755dp</dimen>
<dimen name="dp454">757dp</dimen>
<dimen name="dp455">758dp</dimen>
<dimen name="dp456">760dp</dimen>
<dimen name="dp457">762dp</dimen>
<dimen name="dp458">763dp</dimen>
<dimen name="dp459">765dp</dimen>
<dimen name="dp460">767dp</dimen>
<dimen name="dp461">768dp</dimen>
<dimen name="dp462">770dp</dimen>
<dimen name="dp463">772dp</dimen>
<dimen name="dp464">773dp</dimen>
<dimen name="dp465">775dp</dimen>
<dimen name="dp466">777dp</dimen>
<dimen name="dp467">778dp</dimen>
<dimen name="dp468">780dp</dimen>
<dimen name="dp469">782dp</dimen>
<dimen name="dp470">783dp</dimen>
<dimen name="dp471">785dp</dimen>
<dimen name="dp472">787dp</dimen>
<dimen name="dp473">788dp</dimen>
<dimen name="dp474">790dp</dimen>
<dimen name="dp475">792dp</dimen>
<dimen name="dp476">793dp</dimen>
<dimen name="dp477">795dp</dimen>
<dimen name="dp478">797dp</dimen>
<dimen name="dp479">798dp</dimen>
<dimen name="dp480">800dp</dimen>
<dimen name="dp481">802dp</dimen>
<dimen name="dp482">803dp</dimen>
<dimen name="dp483">805dp</dimen>
<dimen name="dp484">807dp</dimen>
<dimen name="dp485">808dp</dimen>
<dimen name="dp486">810dp</dimen>
<dimen name="dp487">812dp</dimen>
<dimen name="dp488">813dp</dimen>
<dimen name="dp489">815dp</dimen>
<dimen name="dp490">817dp</dimen>
<dimen name="dp491">818dp</dimen>
<dimen name="dp492">820dp</dimen>
<dimen name="dp493">822dp</dimen>
<dimen name="dp494">823dp</dimen>
<dimen name="dp495">825dp</dimen>
<dimen name="dp496">827dp</dimen>
<dimen name="dp497">828dp</dimen>
<dimen name="dp498">830dp</dimen>
<dimen name="dp499">832dp</dimen>
<dimen name="dp500">833dp</dimen>
<dimen name="dp501">835dp</dimen>
<dimen name="dp502">837dp</dimen>
<dimen name="dp503">838dp</dimen>
<dimen name="dp504">840dp</dimen>
<dimen name="dp505">842dp</dimen>
<dimen name="dp506">843dp</dimen>
<dimen name="dp507">845dp</dimen>
<dimen name="dp508">847dp</dimen>
<dimen name="dp509">848dp</dimen>
<dimen name="dp510">850dp</dimen>
<dimen name="dp511">852dp</dimen>
<dimen name="dp512">853dp</dimen>
<dimen name="dp513">855dp</dimen>
<dimen name="dp514">857dp</dimen>
<dimen name="dp515">858dp</dimen>
<dimen name="dp516">860dp</dimen>
<dimen name="dp517">862dp</dimen>
<dimen name="dp518">863dp</dimen>
<dimen name="dp519">865dp</dimen>
<dimen name="dp520">867dp</dimen>
<dimen name="dp521">868dp</dimen>
<dimen name="dp522">870dp</dimen>
<dimen name="dp523">872dp</dimen>
<dimen name="dp524">873dp</dimen>
<dimen name="dp525">875dp</dimen>
<dimen name="dp526">877dp</dimen>
<dimen name="dp527">878dp</dimen>
<dimen name="dp528">880dp</dimen>
<dimen name="dp529">882dp</dimen>
<dimen name="dp530">883dp</dimen>
<dimen name="dp531">885dp</dimen>
<dimen name="dp532">887dp</dimen>
<dimen name="dp533">888dp</dimen>
<dimen name="dp534">890dp</dimen>
<dimen name="dp535">892dp</dimen>
<dimen name="dp536">893dp</dimen>
<dimen name="dp537">895dp</dimen>
<dimen name="dp538">897dp</dimen>
<dimen name="dp539">898dp</dimen>
<dimen name="dp540">900dp</dimen>
<dimen name="dp541">902dp</dimen>
<dimen name="dp542">903dp</dimen>
<dimen name="dp543">905dp</dimen>
<dimen name="dp544">907dp</dimen>
<dimen name="dp545">908dp</dimen>
<dimen name="dp546">910dp</dimen>
<dimen name="dp547">912dp</dimen>
<dimen name="dp548">913dp</dimen>
<dimen name="dp549">915dp</dimen>
<dimen name="dp550">917dp</dimen>
<dimen name="dp551">918dp</dimen>
<dimen name="dp552">920dp</dimen>
<dimen name="dp553">922dp</dimen>
<dimen name="dp554">923dp</dimen>
<dimen name="dp555">925dp</dimen>
<dimen name="dp556">927dp</dimen>
<dimen name="dp557">928dp</dimen>
<dimen name="dp558">930dp</dimen>
<dimen name="dp559">932dp</dimen>
<dimen name="dp560">933dp</dimen>
<dimen name="dp561">935dp</dimen>
<dimen name="dp562">937dp</dimen>
<dimen name="dp563">938dp</dimen>
<dimen name="dp564">940dp</dimen>
<dimen name="dp565">942dp</dimen>
<dimen name="dp566">943dp</dimen>
<dimen name="dp567">945dp</dimen>
<dimen name="dp568">947dp</dimen>
<dimen name="dp569">948dp</dimen>
<dimen name="dp570">950dp</dimen>
<dimen name="dp571">952dp</dimen>
<dimen name="dp572">953dp</dimen>
<dimen name="dp573">955dp</dimen>
<dimen name="dp574">957dp</dimen>
<dimen name="dp575">958dp</dimen>
<dimen name="dp576">960dp</dimen>
<dimen name="dp577">962dp</dimen>
<dimen name="dp578">963dp</dimen>
<dimen name="dp579">965dp</dimen>
<dimen name="dp580">967dp</dimen>
<dimen name="dp581">968dp</dimen>
<dimen name="dp582">970dp</dimen>
<dimen name="dp583">972dp</dimen>
<dimen name="dp584">973dp</dimen>
<dimen name="dp585">975dp</dimen>
<dimen name="dp586">977dp</dimen>
<dimen name="dp587">978dp</dimen>
<dimen name="dp588">980dp</dimen>
<dimen name="dp589">982dp</dimen>
<dimen name="dp590">983dp</dimen>
<dimen name="dp591">985dp</dimen>
<dimen name="dp592">987dp</dimen>
<dimen name="dp593">988dp</dimen>
<dimen name="dp594">990dp</dimen>
<dimen name="dp595">992dp</dimen>
<dimen name="dp596">993dp</dimen>
<dimen name="dp597">995dp</dimen>
<dimen name="dp598">997dp</dimen>
<dimen name="dp599">998dp</dimen>
<dimen name="dp600">1000dp</dimen>
<dimen name="dp601">1002dp</dimen>
<dimen name="dp602">1003dp</dimen>
<dimen name="dp603">1005dp</dimen>
<dimen name="dp604">1007dp</dimen>
<dimen name="dp605">1008dp</dimen>
<dimen name="dp606">1010dp</dimen>
<dimen name="dp607">1012dp</dimen>
<dimen name="dp608">1013dp</dimen>
<dimen name="dp609">1015dp</dimen>
<dimen name="dp610">1017dp</dimen>
<dimen name="dp611">1018dp</dimen>
<dimen name="dp612">1020dp</dimen>
<dimen name="dp613">1022dp</dimen>
<dimen name="dp614">1023dp</dimen>
<dimen name="dp615">1025dp</dimen>
<dimen name="dp616">1027dp</dimen>
<dimen name="dp617">1028dp</dimen>
<dimen name="dp618">1030dp</dimen>
<dimen name="dp619">1032dp</dimen>
<dimen name="dp620">1033dp</dimen>
<dimen name="dp621">1035dp</dimen>
<dimen name="dp622">1037dp</dimen>
<dimen name="dp623">1038dp</dimen>
<dimen name="dp624">1040dp</dimen>
<dimen name="dp625">1042dp</dimen>
<dimen name="dp626">1043dp</dimen>
<dimen name="dp627">1045dp</dimen>
<dimen name="dp628">1047dp</dimen>
<dimen name="dp629">1048dp</dimen>
<dimen name="dp630">1050dp</dimen>
<dimen name="dp631">1052dp</dimen>
<dimen name="dp632">1053dp</dimen>
<dimen name="dp633">1055dp</dimen>
<dimen name="dp634">1057dp</dimen>
<dimen name="dp635">1058dp</dimen>
<dimen name="dp636">1060dp</dimen>
<dimen name="dp637">1062dp</dimen>
<dimen name="dp638">1063dp</dimen>
<dimen name="dp639">1065dp</dimen>
<dimen name="dp640">1067dp</dimen>
<dimen name="dp641">1068dp</dimen>
<dimen name="dp642">1070dp</dimen>
<dimen name="dp643">1072dp</dimen>
<dimen name="dp644">1073dp</dimen>
<dimen name="dp645">1075dp</dimen>
<dimen name="dp646">1077dp</dimen>
<dimen name="dp647">1078dp</dimen>
<dimen name="dp648">1080dp</dimen>
<dimen name="dp649">1082dp</dimen>
<dimen name="dp650">1083dp</dimen>
<dimen name="dp651">1085dp</dimen>
<dimen name="dp652">1087dp</dimen>
<dimen name="dp653">1088dp</dimen>
<dimen name="dp654">1090dp</dimen>
<dimen name="dp655">1092dp</dimen>
<dimen name="dp656">1093dp</dimen>
<dimen name="dp657">1095dp</dimen>
<dimen name="dp658">1097dp</dimen>
<dimen name="dp659">1098dp</dimen>
<dimen name="dp660">1100dp</dimen>
<dimen name="dp661">1102dp</dimen>
<dimen name="dp662">1103dp</dimen>
<dimen name="dp663">1105dp</dimen>
<dimen name="dp664">1107dp</dimen>
<dimen name="dp665">1108dp</dimen>
<dimen name="dp666">1110dp</dimen>
<dimen name="dp667">1112dp</dimen>
<dimen name="dp668">1113dp</dimen>
<dimen name="dp669">1115dp</dimen>
<dimen name="dp670">1117dp</dimen>
<dimen name="dp671">1118dp</dimen>
<dimen name="dp672">1120dp</dimen>
<dimen name="dp673">1122dp</dimen>
<dimen name="dp674">1123dp</dimen>
<dimen name="dp675">1125dp</dimen>
<dimen name="dp676">1127dp</dimen>
<dimen name="dp677">1128dp</dimen>
<dimen name="dp678">1130dp</dimen>
<dimen name="dp679">1132dp</dimen>
<dimen name="dp680">1133dp</dimen>
<dimen name="dp681">1135dp</dimen>
<dimen name="dp682">1137dp</dimen>
<dimen name="dp683">1138dp</dimen>
<dimen name="dp684">1140dp</dimen>
<dimen name="dp685">1142dp</dimen>
<dimen name="dp686">1143dp</dimen>
<dimen name="dp687">1145dp</dimen>
<dimen name="dp688">1147dp</dimen>
<dimen name="dp689">1148dp</dimen>
<dimen name="dp690">1150dp</dimen>
<dimen name="dp691">1152dp</dimen>
<dimen name="dp692">1153dp</dimen>
<dimen name="dp693">1155dp</dimen>
<dimen name="dp694">1157dp</dimen>
<dimen name="dp695">1158dp</dimen>
<dimen name="dp696">1160dp</dimen>
<dimen name="dp697">1162dp</dimen>
<dimen name="dp698">1163dp</dimen>
<dimen name="dp699">1165dp</dimen>
<dimen name="dp700">1167dp</dimen>
<dimen name="dp701">1168dp</dimen>
<dimen name="dp702">1170dp</dimen>
<dimen name="dp703">1172dp</dimen>
<dimen name="dp704">1173dp</dimen>
<dimen name="dp705">1175dp</dimen>
<dimen name="dp706">1177dp</dimen>
<dimen name="dp707">1178dp</dimen>
<dimen name="dp708">1180dp</dimen>
<dimen name="dp709">1182dp</dimen>
<dimen name="dp710">1183dp</dimen>
<dimen name="dp711">1185dp</dimen>
<dimen name="dp712">1187dp</dimen>
<dimen name="dp713">1188dp</dimen>
<dimen name="dp714">1190dp</dimen>
<dimen name="dp715">1192dp</dimen>
<dimen name="dp716">1193dp</dimen>
<dimen name="dp717">1195dp</dimen>
<dimen name="dp718">1197dp</dimen>
<dimen name="dp719">1198dp</dimen>
<dimen name="dp720">1200dp</dimen>
<dimen name="dp721">1202dp</dimen>
<dimen name="dp722">1203dp</dimen>
<dimen name="dp723">1205dp</dimen>
<dimen name="dp724">1207dp</dimen>
<dimen name="dp725">1208dp</dimen>
<dimen name="dp726">1210dp</dimen>
<dimen name="dp727">1212dp</dimen>
<dimen name="dp728">1213dp</dimen>
<dimen name="dp729">1215dp</dimen>
<dimen name="dp730">1217dp</dimen>
<dimen name="dp731">1218dp</dimen>
<dimen name="dp732">1220dp</dimen>
<dimen name="dp733">1222dp</dimen>
<dimen name="dp734">1223dp</dimen>
<dimen name="dp735">1225dp</dimen>
<dimen name="dp736">1227dp</dimen>
<dimen name="dp737">1228dp</dimen>
<dimen name="dp738">1230dp</dimen>
<dimen name="dp739">1232dp</dimen>
<dimen name="dp740">1233dp</dimen>
<dimen name="dp741">1235dp</dimen>
<dimen name="dp742">1237dp</dimen>
<dimen name="dp743">1238dp</dimen>
<dimen name="dp744">1240dp</dimen>
<dimen name="dp745">1242dp</dimen>
<dimen name="dp746">1243dp</dimen>
<dimen name="dp747">1245dp</dimen>
<dimen name="dp748">1247dp</dimen>
<dimen name="dp749">1248dp</dimen>
<dimen name="dp750">1250dp</dimen>
<dimen name="dp751">1252dp</dimen>
<dimen name="dp752">1253dp</dimen>
<dimen name="dp753">1255dp</dimen>
<dimen name="dp754">1257dp</dimen>
<dimen name="dp755">1258dp</dimen>
<dimen name="dp756">1260dp</dimen>
<dimen name="dp757">1262dp</dimen>
<dimen name="dp758">1263dp</dimen>
<dimen name="dp759">1265dp</dimen>
<dimen name="dp760">1267dp</dimen>
<dimen name="dp761">1268dp</dimen>
<dimen name="dp762">1270dp</dimen>
<dimen name="dp763">1272dp</dimen>
<dimen name="dp764">1273dp</dimen>
<dimen name="dp765">1275dp</dimen>
<dimen name="dp766">1277dp</dimen>
<dimen name="dp767">1278dp</dimen>
<dimen name="dp768">1280dp</dimen>
<dimen name="dp769">1282dp</dimen>
<dimen name="dp770">1283dp</dimen>
<dimen name="dp771">1285dp</dimen>
<dimen name="dp772">1287dp</dimen>
<dimen name="dp773">1288dp</dimen>
<dimen name="dp774">1290dp</dimen>
<dimen name="dp775">1292dp</dimen>
<dimen name="dp776">1293dp</dimen>
<dimen name="dp777">1295dp</dimen>
<dimen name="dp778">1297dp</dimen>
<dimen name="dp779">1298dp</dimen>
<dimen name="dp780">1300dp</dimen>
<dimen name="dp781">1302dp</dimen>
<dimen name="dp782">1303dp</dimen>
<dimen name="dp783">1305dp</dimen>
<dimen name="dp784">1307dp</dimen>
<dimen name="dp785">1308dp</dimen>
<dimen name="dp786">1310dp</dimen>
<dimen name="dp787">1312dp</dimen>
<dimen name="dp788">1313dp</dimen>
<dimen name="dp789">1315dp</dimen>
<dimen name="dp790">1317dp</dimen>
<dimen name="dp791">1318dp</dimen>
<dimen name="dp792">1320dp</dimen>
<dimen name="dp793">1322dp</dimen>
<dimen name="dp794">1323dp</dimen>
<dimen name="dp795">1325dp</dimen>
<dimen name="dp796">1327dp</dimen>
<dimen name="dp797">1328dp</dimen>
<dimen name="dp798">1330dp</dimen>
<dimen name="dp799">1332dp</dimen>
<dimen name="dp800">1333dp</dimen>
<dimen name="dp801">1335dp</dimen>
<dimen name="dp802">1337dp</dimen>
<dimen name="dp803">1338dp</dimen>
<dimen name="dp804">1340dp</dimen>
<dimen name="dp805">1342dp</dimen>
<dimen name="dp806">1343dp</dimen>
<dimen name="dp807">1345dp</dimen>
<dimen name="dp808">1347dp</dimen>
<dimen name="dp809">1348dp</dimen>
<dimen name="dp810">1350dp</dimen>
<dimen name="dp811">1352dp</dimen>
<dimen name="dp812">1353dp</dimen>
<dimen name="dp813">1355dp</dimen>
<dimen name="dp814">1357dp</dimen>
<dimen name="dp815">1358dp</dimen>
<dimen name="dp816">1360dp</dimen>
<dimen name="dp817">1362dp</dimen>
<dimen name="dp818">1363dp</dimen>
<dimen name="dp819">1365dp</dimen>
<dimen name="dp820">1367dp</dimen>
<dimen name="dp821">1368dp</dimen>
<dimen name="dp822">1370dp</dimen>
<dimen name="dp823">1372dp</dimen>
<dimen name="dp824">1373dp</dimen>
<dimen name="dp825">1375dp</dimen>
<dimen name="dp826">1377dp</dimen>
<dimen name="dp827">1378dp</dimen>
<dimen name="dp828">1380dp</dimen>
<dimen name="dp829">1382dp</dimen>
<dimen name="dp830">1383dp</dimen>
<dimen name="dp831">1385dp</dimen>
<dimen name="dp832">1387dp</dimen>
<dimen name="dp833">1388dp</dimen>
<dimen name="dp834">1390dp</dimen>
<dimen name="dp835">1392dp</dimen>
<dimen name="dp836">1393dp</dimen>
<dimen name="dp837">1395dp</dimen>
<dimen name="dp838">1397dp</dimen>
<dimen name="dp839">1398dp</dimen>
<dimen name="dp840">1400dp</dimen>
<dimen name="dp841">1402dp</dimen>
<dimen name="dp842">1403dp</dimen>
<dimen name="dp843">1405dp</dimen>
<dimen name="dp844">1407dp</dimen>
<dimen name="dp845">1408dp</dimen>
<dimen name="dp846">1410dp</dimen>
<dimen name="dp847">1412dp</dimen>
<dimen name="dp848">1413dp</dimen>
<dimen name="dp849">1415dp</dimen>
<dimen name="dp850">1417dp</dimen>
<dimen name="dp851">1418dp</dimen>
<dimen name="dp852">1420dp</dimen>
<dimen name="dp853">1422dp</dimen>
<dimen name="dp854">1423dp</dimen>
<dimen name="dp855">1425dp</dimen>
<dimen name="dp856">1427dp</dimen>
<dimen name="dp857">1428dp</dimen>
<dimen name="dp858">1430dp</dimen>
<dimen name="dp859">1432dp</dimen>
<dimen name="dp860">1433dp</dimen>
<dimen name="dp861">1435dp</dimen>
<dimen name="dp862">1437dp</dimen>
<dimen name="dp863">1438dp</dimen>
<dimen name="dp864">1440dp</dimen>
<dimen name="dp865">1442dp</dimen>
<dimen name="dp866">1443dp</dimen>
<dimen name="dp867">1445dp</dimen>
<dimen name="dp868">1447dp</dimen>
<dimen name="dp869">1448dp</dimen>
<dimen name="dp870">1450dp</dimen>
<dimen name="dp871">1452dp</dimen>
<dimen name="dp872">1453dp</dimen>
<dimen name="dp873">1455dp</dimen>
<dimen name="dp874">1457dp</dimen>
<dimen name="dp875">1458dp</dimen>
<dimen name="dp876">1460dp</dimen>
<dimen name="dp877">1462dp</dimen>
<dimen name="dp878">1463dp</dimen>
<dimen name="dp879">1465dp</dimen>
<dimen name="dp880">1467dp</dimen>
<dimen name="dp881">1468dp</dimen>
<dimen name="dp882">1470dp</dimen>
<dimen name="dp883">1472dp</dimen>
<dimen name="dp884">1473dp</dimen>
<dimen name="dp885">1475dp</dimen>
<dimen name="dp886">1477dp</dimen>
<dimen name="dp887">1478dp</dimen>
<dimen name="dp888">1480dp</dimen>
<dimen name="dp889">1482dp</dimen>
<dimen name="dp890">1483dp</dimen>
<dimen name="dp891">1485dp</dimen>
<dimen name="dp892">1487dp</dimen>
<dimen name="dp893">1488dp</dimen>
<dimen name="dp894">1490dp</dimen>
<dimen name="dp895">1492dp</dimen>
<dimen name="dp896">1493dp</dimen>
<dimen name="dp897">1495dp</dimen>
<dimen name="dp898">1497dp</dimen>
<dimen name="dp899">1498dp</dimen>
<dimen name="dp900">1500dp</dimen>
<dimen name="dp901">1502dp</dimen>
<dimen name="dp902">1503dp</dimen>
<dimen name="dp903">1505dp</dimen>
<dimen name="dp904">1507dp</dimen>
<dimen name="dp905">1508dp</dimen>
<dimen name="dp906">1510dp</dimen>
<dimen name="dp907">1512dp</dimen>
<dimen name="dp908">1513dp</dimen>
<dimen name="dp909">1515dp</dimen>
<dimen name="dp910">1517dp</dimen>
<dimen name="dp911">1518dp</dimen>
<dimen name="dp912">1520dp</dimen>
<dimen name="dp913">1522dp</dimen>
<dimen name="dp914">1523dp</dimen>
<dimen name="dp915">1525dp</dimen>
<dimen name="dp916">1527dp</dimen>
<dimen name="dp917">1528dp</dimen>
<dimen name="dp918">1530dp</dimen>
<dimen name="dp919">1532dp</dimen>
<dimen name="dp920">1533dp</dimen>
<dimen name="dp921">1535dp</dimen>
<dimen name="dp922">1537dp</dimen>
<dimen name="dp923">1538dp</dimen>
<dimen name="dp924">1540dp</dimen>
<dimen name="dp925">1542dp</dimen>
<dimen name="dp926">1543dp</dimen>
<dimen name="dp927">1545dp</dimen>
<dimen name="dp928">1547dp</dimen>
<dimen name="dp929">1548dp</dimen>
<dimen name="dp930">1550dp</dimen>
<dimen name="dp931">1552dp</dimen>
<dimen name="dp932">1553dp</dimen>
<dimen name="dp933">1555dp</dimen>
<dimen name="dp934">1557dp</dimen>
<dimen name="dp935">1558dp</dimen>
<dimen name="dp936">1560dp</dimen>
<dimen name="dp937">1562dp</dimen>
<dimen name="dp938">1563dp</dimen>
<dimen name="dp939">1565dp</dimen>
<dimen name="dp940">1567dp</dimen>
<dimen name="dp941">1568dp</dimen>
<dimen name="dp942">1570dp</dimen>
<dimen name="dp943">1572dp</dimen>
<dimen name="dp944">1573dp</dimen>
<dimen name="dp945">1575dp</dimen>
<dimen name="dp946">1577dp</dimen>
<dimen name="dp947">1578dp</dimen>
<dimen name="dp948">1580dp</dimen>
<dimen name="dp949">1582dp</dimen>
<dimen name="dp950">1583dp</dimen>
<dimen name="dp951">1585dp</dimen>
<dimen name="dp952">1587dp</dimen>
<dimen name="dp953">1588dp</dimen>
<dimen name="dp954">1590dp</dimen>
<dimen name="dp955">1592dp</dimen>
<dimen name="dp956">1593dp</dimen>
<dimen name="dp957">1595dp</dimen>
<dimen name="dp958">1597dp</dimen>
<dimen name="dp959">1598dp</dimen>
<dimen name="dp960">1600dp</dimen>
<dimen name="dp961">1602dp</dimen>
<dimen name="dp962">1603dp</dimen>
<dimen name="dp963">1605dp</dimen>
<dimen name="dp964">1607dp</dimen>
<dimen name="dp965">1608dp</dimen>
<dimen name="dp966">1610dp</dimen>
<dimen name="dp967">1612dp</dimen>
<dimen name="dp968">1613dp</dimen>
<dimen name="dp969">1615dp</dimen>
<dimen name="dp970">1617dp</dimen>
<dimen name="dp971">1618dp</dimen>
<dimen name="dp972">1620dp</dimen>
<dimen name="dp973">1622dp</dimen>
<dimen name="dp974">1623dp</dimen>
<dimen name="dp975">1625dp</dimen>
<dimen name="dp976">1627dp</dimen>
<dimen name="dp977">1628dp</dimen>
<dimen name="dp978">1630dp</dimen>
<dimen name="dp979">1632dp</dimen>
<dimen name="dp980">1633dp</dimen>
<dimen name="dp981">1635dp</dimen>
<dimen name="dp982">1637dp</dimen>
<dimen name="dp983">1638dp</dimen>
<dimen name="dp984">1640dp</dimen>
<dimen name="dp985">1642dp</dimen>
<dimen name="dp986">1643dp</dimen>
<dimen name="dp987">1645dp</dimen>
<dimen name="dp988">1647dp</dimen>
<dimen name="dp989">1648dp</dimen>
<dimen name="dp990">1650dp</dimen>
<dimen name="dp991">1652dp</dimen>
<dimen name="dp992">1653dp</dimen>
<dimen name="dp993">1655dp</dimen>
<dimen name="dp994">1657dp</dimen>
<dimen name="dp995">1658dp</dimen>
<dimen name="dp996">1660dp</dimen>
<dimen name="dp997">1662dp</dimen>
<dimen name="dp998">1663dp</dimen>
<dimen name="dp999">1665dp</dimen>
<dimen name="dp1000">1667dp</dimen>
<dimen name="sp1">2sp</dimen>
<dimen name="sp2">3sp</dimen>
<dimen name="sp3">5sp</dimen>
<dimen name="sp4">7sp</dimen>
<dimen name="sp5">8sp</dimen>
<dimen name="sp6">10sp</dimen>
<dimen name="sp7">12sp</dimen>
<dimen name="sp8">13sp</dimen>
<dimen name="sp9">15sp</dimen>
<dimen name="sp10">17sp</dimen>
<dimen name="sp11">18sp</dimen>
<dimen name="sp12">20sp</dimen>
<dimen name="sp13">22sp</dimen>
<dimen name="sp14">23sp</dimen>
<dimen name="sp15">25sp</dimen>
<dimen name="sp16">27sp</dimen>
<dimen name="sp17">28sp</dimen>
<dimen name="sp18">30sp</dimen>
<dimen name="sp19">32sp</dimen>
<dimen name="sp20">33sp</dimen>
<dimen name="sp21">35sp</dimen>
<dimen name="sp22">37sp</dimen>
<dimen name="sp23">38sp</dimen>
<dimen name="sp24">40sp</dimen>
<dimen name="sp25">42sp</dimen>
<dimen name="sp26">43sp</dimen>
<dimen name="sp27">45sp</dimen>
<dimen name="sp28">47sp</dimen>
<dimen name="sp29">48sp</dimen>
<dimen name="sp30">50sp</dimen>
<dimen name="sp31">52sp</dimen>
<dimen name="sp32">53sp</dimen>
<dimen name="sp33">55sp</dimen>
<dimen name="sp34">57sp</dimen>
<dimen name="sp35">58sp</dimen>
<dimen name="sp36">60sp</dimen>
<dimen name="sp37">62sp</dimen>
<dimen name="sp38">63sp</dimen>
<dimen name="sp39">65sp</dimen>
<dimen name="sp40">67sp</dimen>
<dimen name="sp41">68sp</dimen>
<dimen name="sp42">70sp</dimen>
<dimen name="sp43">72sp</dimen>
<dimen name="sp44">73sp</dimen>
<dimen name="sp45">75sp</dimen>
<dimen name="sp46">77sp</dimen>
<dimen name="sp47">78sp</dimen>
<dimen name="sp48">80sp</dimen>
<dimen name="sp49">82sp</dimen>
<dimen name="sp50">83sp</dimen>
<dimen name="dpneg25">-42dp</dimen>
<dimen name="dpneg24">-40dp</dimen>
<dimen name="dpneg23">-38dp</dimen>
<dimen name="dpneg22">-37dp</dimen>
<dimen name="dpneg21">-35dp</dimen>
<dimen name="dpneg20">-33dp</dimen>
<dimen name="dpneg19">-32dp</dimen>
<dimen name="dpneg18">-30dp</dimen>
<dimen name="dpneg17">-28dp</dimen>
<dimen name="dpneg16">-27dp</dimen>
<dimen name="dpneg15">-25dp</dimen>
<dimen name="dpneg14">-23dp</dimen>
<dimen name="dpneg13">-22dp</dimen>
<dimen name="dpneg12">-20dp</dimen>
<dimen name="dpneg11">-18dp</dimen>
<dimen name="dpneg10">-17dp</dimen>
<dimen name="dpneg9">-15dp</dimen>
<dimen name="dpneg8">-13dp</dimen>
<dimen name="dpneg7">-12dp</dimen>
<dimen name="dpneg6">-10dp</dimen>
<dimen name="dpneg5">-8dp</dimen>
<dimen name="dpneg4">-7dp</dimen>
<dimen name="dpneg3">-5dp</dimen>
<dimen name="dpneg2">-3dp</dimen>
<dimen name="dpneg1">-2dp</dimen>
</resources>
