<?xml version="1.0" encoding="utf-8"?>
<resources>
<dimen name="dp1">1dp</dimen>
<dimen name="dp2">1dp</dimen>
<dimen name="dp3">2dp</dimen>
<dimen name="dp4">3dp</dimen>
<dimen name="dp5">3dp</dimen>
<dimen name="dp6">4dp</dimen>
<dimen name="dp7">5dp</dimen>
<dimen name="dp8">5dp</dimen>
<dimen name="dp9">6dp</dimen>
<dimen name="dp10">7dp</dimen>
<dimen name="dp11">7dp</dimen>
<dimen name="dp12">8dp</dimen>
<dimen name="dp13">9dp</dimen>
<dimen name="dp14">9dp</dimen>
<dimen name="dp15">10dp</dimen>
<dimen name="dp16">11dp</dimen>
<dimen name="dp17">11dp</dimen>
<dimen name="dp18">12dp</dimen>
<dimen name="dp19">13dp</dimen>
<dimen name="dp20">13dp</dimen>
<dimen name="dp21">14dp</dimen>
<dimen name="dp22">15dp</dimen>
<dimen name="dp23">15dp</dimen>
<dimen name="dp24">16dp</dimen>
<dimen name="dp25">17dp</dimen>
<dimen name="dp26">17dp</dimen>
<dimen name="dp27">18dp</dimen>
<dimen name="dp28">19dp</dimen>
<dimen name="dp29">19dp</dimen>
<dimen name="dp30">20dp</dimen>
<dimen name="dp31">21dp</dimen>
<dimen name="dp32">21dp</dimen>
<dimen name="dp33">22dp</dimen>
<dimen name="dp34">23dp</dimen>
<dimen name="dp35">23dp</dimen>
<dimen name="dp36">24dp</dimen>
<dimen name="dp37">25dp</dimen>
<dimen name="dp38">25dp</dimen>
<dimen name="dp39">26dp</dimen>
<dimen name="dp40">27dp</dimen>
<dimen name="dp41">27dp</dimen>
<dimen name="dp42">28dp</dimen>
<dimen name="dp43">29dp</dimen>
<dimen name="dp44">29dp</dimen>
<dimen name="dp45">30dp</dimen>
<dimen name="dp46">31dp</dimen>
<dimen name="dp47">31dp</dimen>
<dimen name="dp48">32dp</dimen>
<dimen name="dp49">33dp</dimen>
<dimen name="dp50">33dp</dimen>
<dimen name="dp51">34dp</dimen>
<dimen name="dp52">35dp</dimen>
<dimen name="dp53">35dp</dimen>
<dimen name="dp54">36dp</dimen>
<dimen name="dp55">37dp</dimen>
<dimen name="dp56">37dp</dimen>
<dimen name="dp57">38dp</dimen>
<dimen name="dp58">39dp</dimen>
<dimen name="dp59">39dp</dimen>
<dimen name="dp60">40dp</dimen>
<dimen name="dp61">41dp</dimen>
<dimen name="dp62">41dp</dimen>
<dimen name="dp63">42dp</dimen>
<dimen name="dp64">43dp</dimen>
<dimen name="dp65">43dp</dimen>
<dimen name="dp66">44dp</dimen>
<dimen name="dp67">45dp</dimen>
<dimen name="dp68">45dp</dimen>
<dimen name="dp69">46dp</dimen>
<dimen name="dp70">47dp</dimen>
<dimen name="dp71">47dp</dimen>
<dimen name="dp72">48dp</dimen>
<dimen name="dp73">49dp</dimen>
<dimen name="dp74">49dp</dimen>
<dimen name="dp75">50dp</dimen>
<dimen name="dp76">51dp</dimen>
<dimen name="dp77">51dp</dimen>
<dimen name="dp78">52dp</dimen>
<dimen name="dp79">53dp</dimen>
<dimen name="dp80">53dp</dimen>
<dimen name="dp81">54dp</dimen>
<dimen name="dp82">55dp</dimen>
<dimen name="dp83">55dp</dimen>
<dimen name="dp84">56dp</dimen>
<dimen name="dp85">57dp</dimen>
<dimen name="dp86">57dp</dimen>
<dimen name="dp87">58dp</dimen>
<dimen name="dp88">59dp</dimen>
<dimen name="dp89">59dp</dimen>
<dimen name="dp90">60dp</dimen>
<dimen name="dp91">61dp</dimen>
<dimen name="dp92">61dp</dimen>
<dimen name="dp93">62dp</dimen>
<dimen name="dp94">63dp</dimen>
<dimen name="dp95">63dp</dimen>
<dimen name="dp96">64dp</dimen>
<dimen name="dp97">65dp</dimen>
<dimen name="dp98">65dp</dimen>
<dimen name="dp99">66dp</dimen>
<dimen name="dp100">67dp</dimen>
<dimen name="dp101">67dp</dimen>
<dimen name="dp102">68dp</dimen>
<dimen name="dp103">69dp</dimen>
<dimen name="dp104">69dp</dimen>
<dimen name="dp105">70dp</dimen>
<dimen name="dp106">71dp</dimen>
<dimen name="dp107">71dp</dimen>
<dimen name="dp108">72dp</dimen>
<dimen name="dp109">73dp</dimen>
<dimen name="dp110">73dp</dimen>
<dimen name="dp111">74dp</dimen>
<dimen name="dp112">75dp</dimen>
<dimen name="dp113">75dp</dimen>
<dimen name="dp114">76dp</dimen>
<dimen name="dp115">77dp</dimen>
<dimen name="dp116">77dp</dimen>
<dimen name="dp117">78dp</dimen>
<dimen name="dp118">79dp</dimen>
<dimen name="dp119">79dp</dimen>
<dimen name="dp120">80dp</dimen>
<dimen name="dp121">81dp</dimen>
<dimen name="dp122">81dp</dimen>
<dimen name="dp123">82dp</dimen>
<dimen name="dp124">83dp</dimen>
<dimen name="dp125">83dp</dimen>
<dimen name="dp126">84dp</dimen>
<dimen name="dp127">85dp</dimen>
<dimen name="dp128">85dp</dimen>
<dimen name="dp129">86dp</dimen>
<dimen name="dp130">87dp</dimen>
<dimen name="dp131">87dp</dimen>
<dimen name="dp132">88dp</dimen>
<dimen name="dp133">89dp</dimen>
<dimen name="dp134">89dp</dimen>
<dimen name="dp135">90dp</dimen>
<dimen name="dp136">91dp</dimen>
<dimen name="dp137">91dp</dimen>
<dimen name="dp138">92dp</dimen>
<dimen name="dp139">93dp</dimen>
<dimen name="dp140">93dp</dimen>
<dimen name="dp141">94dp</dimen>
<dimen name="dp142">95dp</dimen>
<dimen name="dp143">95dp</dimen>
<dimen name="dp144">96dp</dimen>
<dimen name="dp145">97dp</dimen>
<dimen name="dp146">97dp</dimen>
<dimen name="dp147">98dp</dimen>
<dimen name="dp148">99dp</dimen>
<dimen name="dp149">99dp</dimen>
<dimen name="dp150">100dp</dimen>
<dimen name="dp151">101dp</dimen>
<dimen name="dp152">101dp</dimen>
<dimen name="dp153">102dp</dimen>
<dimen name="dp154">103dp</dimen>
<dimen name="dp155">103dp</dimen>
<dimen name="dp156">104dp</dimen>
<dimen name="dp157">105dp</dimen>
<dimen name="dp158">105dp</dimen>
<dimen name="dp159">106dp</dimen>
<dimen name="dp160">107dp</dimen>
<dimen name="dp161">107dp</dimen>
<dimen name="dp162">108dp</dimen>
<dimen name="dp163">109dp</dimen>
<dimen name="dp164">109dp</dimen>
<dimen name="dp165">110dp</dimen>
<dimen name="dp166">111dp</dimen>
<dimen name="dp167">111dp</dimen>
<dimen name="dp168">112dp</dimen>
<dimen name="dp169">113dp</dimen>
<dimen name="dp170">113dp</dimen>
<dimen name="dp171">114dp</dimen>
<dimen name="dp172">115dp</dimen>
<dimen name="dp173">115dp</dimen>
<dimen name="dp174">116dp</dimen>
<dimen name="dp175">117dp</dimen>
<dimen name="dp176">117dp</dimen>
<dimen name="dp177">118dp</dimen>
<dimen name="dp178">119dp</dimen>
<dimen name="dp179">119dp</dimen>
<dimen name="dp180">120dp</dimen>
<dimen name="dp181">121dp</dimen>
<dimen name="dp182">121dp</dimen>
<dimen name="dp183">122dp</dimen>
<dimen name="dp184">123dp</dimen>
<dimen name="dp185">123dp</dimen>
<dimen name="dp186">124dp</dimen>
<dimen name="dp187">125dp</dimen>
<dimen name="dp188">125dp</dimen>
<dimen name="dp189">126dp</dimen>
<dimen name="dp190">127dp</dimen>
<dimen name="dp191">127dp</dimen>
<dimen name="dp192">128dp</dimen>
<dimen name="dp193">129dp</dimen>
<dimen name="dp194">129dp</dimen>
<dimen name="dp195">130dp</dimen>
<dimen name="dp196">131dp</dimen>
<dimen name="dp197">131dp</dimen>
<dimen name="dp198">132dp</dimen>
<dimen name="dp199">133dp</dimen>
<dimen name="dp200">133dp</dimen>
<dimen name="dp201">134dp</dimen>
<dimen name="dp202">135dp</dimen>
<dimen name="dp203">135dp</dimen>
<dimen name="dp204">136dp</dimen>
<dimen name="dp205">137dp</dimen>
<dimen name="dp206">137dp</dimen>
<dimen name="dp207">138dp</dimen>
<dimen name="dp208">139dp</dimen>
<dimen name="dp209">139dp</dimen>
<dimen name="dp210">140dp</dimen>
<dimen name="dp211">141dp</dimen>
<dimen name="dp212">141dp</dimen>
<dimen name="dp213">142dp</dimen>
<dimen name="dp214">143dp</dimen>
<dimen name="dp215">143dp</dimen>
<dimen name="dp216">144dp</dimen>
<dimen name="dp217">145dp</dimen>
<dimen name="dp218">145dp</dimen>
<dimen name="dp219">146dp</dimen>
<dimen name="dp220">147dp</dimen>
<dimen name="dp221">147dp</dimen>
<dimen name="dp222">148dp</dimen>
<dimen name="dp223">149dp</dimen>
<dimen name="dp224">149dp</dimen>
<dimen name="dp225">150dp</dimen>
<dimen name="dp226">151dp</dimen>
<dimen name="dp227">151dp</dimen>
<dimen name="dp228">152dp</dimen>
<dimen name="dp229">153dp</dimen>
<dimen name="dp230">153dp</dimen>
<dimen name="dp231">154dp</dimen>
<dimen name="dp232">155dp</dimen>
<dimen name="dp233">155dp</dimen>
<dimen name="dp234">156dp</dimen>
<dimen name="dp235">157dp</dimen>
<dimen name="dp236">157dp</dimen>
<dimen name="dp237">158dp</dimen>
<dimen name="dp238">159dp</dimen>
<dimen name="dp239">159dp</dimen>
<dimen name="dp240">160dp</dimen>
<dimen name="dp241">161dp</dimen>
<dimen name="dp242">161dp</dimen>
<dimen name="dp243">162dp</dimen>
<dimen name="dp244">163dp</dimen>
<dimen name="dp245">163dp</dimen>
<dimen name="dp246">164dp</dimen>
<dimen name="dp247">165dp</dimen>
<dimen name="dp248">165dp</dimen>
<dimen name="dp249">166dp</dimen>
<dimen name="dp250">167dp</dimen>
<dimen name="dp251">167dp</dimen>
<dimen name="dp252">168dp</dimen>
<dimen name="dp253">169dp</dimen>
<dimen name="dp254">169dp</dimen>
<dimen name="dp255">170dp</dimen>
<dimen name="dp256">171dp</dimen>
<dimen name="dp257">171dp</dimen>
<dimen name="dp258">172dp</dimen>
<dimen name="dp259">173dp</dimen>
<dimen name="dp260">173dp</dimen>
<dimen name="dp261">174dp</dimen>
<dimen name="dp262">175dp</dimen>
<dimen name="dp263">175dp</dimen>
<dimen name="dp264">176dp</dimen>
<dimen name="dp265">177dp</dimen>
<dimen name="dp266">177dp</dimen>
<dimen name="dp267">178dp</dimen>
<dimen name="dp268">179dp</dimen>
<dimen name="dp269">179dp</dimen>
<dimen name="dp270">180dp</dimen>
<dimen name="dp271">181dp</dimen>
<dimen name="dp272">181dp</dimen>
<dimen name="dp273">182dp</dimen>
<dimen name="dp274">183dp</dimen>
<dimen name="dp275">183dp</dimen>
<dimen name="dp276">184dp</dimen>
<dimen name="dp277">185dp</dimen>
<dimen name="dp278">185dp</dimen>
<dimen name="dp279">186dp</dimen>
<dimen name="dp280">187dp</dimen>
<dimen name="dp281">187dp</dimen>
<dimen name="dp282">188dp</dimen>
<dimen name="dp283">189dp</dimen>
<dimen name="dp284">189dp</dimen>
<dimen name="dp285">190dp</dimen>
<dimen name="dp286">191dp</dimen>
<dimen name="dp287">191dp</dimen>
<dimen name="dp288">192dp</dimen>
<dimen name="dp289">193dp</dimen>
<dimen name="dp290">193dp</dimen>
<dimen name="dp291">194dp</dimen>
<dimen name="dp292">195dp</dimen>
<dimen name="dp293">195dp</dimen>
<dimen name="dp294">196dp</dimen>
<dimen name="dp295">197dp</dimen>
<dimen name="dp296">197dp</dimen>
<dimen name="dp297">198dp</dimen>
<dimen name="dp298">199dp</dimen>
<dimen name="dp299">199dp</dimen>
<dimen name="dp300">200dp</dimen>
<dimen name="dp301">201dp</dimen>
<dimen name="dp302">201dp</dimen>
<dimen name="dp303">202dp</dimen>
<dimen name="dp304">203dp</dimen>
<dimen name="dp305">203dp</dimen>
<dimen name="dp306">204dp</dimen>
<dimen name="dp307">205dp</dimen>
<dimen name="dp308">205dp</dimen>
<dimen name="dp309">206dp</dimen>
<dimen name="dp310">207dp</dimen>
<dimen name="dp311">207dp</dimen>
<dimen name="dp312">208dp</dimen>
<dimen name="dp313">209dp</dimen>
<dimen name="dp314">209dp</dimen>
<dimen name="dp315">210dp</dimen>
<dimen name="dp316">211dp</dimen>
<dimen name="dp317">211dp</dimen>
<dimen name="dp318">212dp</dimen>
<dimen name="dp319">213dp</dimen>
<dimen name="dp320">213dp</dimen>
<dimen name="dp321">214dp</dimen>
<dimen name="dp322">215dp</dimen>
<dimen name="dp323">215dp</dimen>
<dimen name="dp324">216dp</dimen>
<dimen name="dp325">217dp</dimen>
<dimen name="dp326">217dp</dimen>
<dimen name="dp327">218dp</dimen>
<dimen name="dp328">219dp</dimen>
<dimen name="dp329">219dp</dimen>
<dimen name="dp330">220dp</dimen>
<dimen name="dp331">221dp</dimen>
<dimen name="dp332">221dp</dimen>
<dimen name="dp333">222dp</dimen>
<dimen name="dp334">223dp</dimen>
<dimen name="dp335">223dp</dimen>
<dimen name="dp336">224dp</dimen>
<dimen name="dp337">225dp</dimen>
<dimen name="dp338">225dp</dimen>
<dimen name="dp339">226dp</dimen>
<dimen name="dp340">227dp</dimen>
<dimen name="dp341">227dp</dimen>
<dimen name="dp342">228dp</dimen>
<dimen name="dp343">229dp</dimen>
<dimen name="dp344">229dp</dimen>
<dimen name="dp345">230dp</dimen>
<dimen name="dp346">231dp</dimen>
<dimen name="dp347">231dp</dimen>
<dimen name="dp348">232dp</dimen>
<dimen name="dp349">233dp</dimen>
<dimen name="dp350">233dp</dimen>
<dimen name="dp351">234dp</dimen>
<dimen name="dp352">235dp</dimen>
<dimen name="dp353">235dp</dimen>
<dimen name="dp354">236dp</dimen>
<dimen name="dp355">237dp</dimen>
<dimen name="dp356">237dp</dimen>
<dimen name="dp357">238dp</dimen>
<dimen name="dp358">239dp</dimen>
<dimen name="dp359">239dp</dimen>
<dimen name="dp360">240dp</dimen>
<dimen name="dp361">241dp</dimen>
<dimen name="dp362">241dp</dimen>
<dimen name="dp363">242dp</dimen>
<dimen name="dp364">243dp</dimen>
<dimen name="dp365">243dp</dimen>
<dimen name="dp366">244dp</dimen>
<dimen name="dp367">245dp</dimen>
<dimen name="dp368">245dp</dimen>
<dimen name="dp369">246dp</dimen>
<dimen name="dp370">247dp</dimen>
<dimen name="dp371">247dp</dimen>
<dimen name="dp372">248dp</dimen>
<dimen name="dp373">249dp</dimen>
<dimen name="dp374">249dp</dimen>
<dimen name="dp375">250dp</dimen>
<dimen name="dp376">251dp</dimen>
<dimen name="dp377">251dp</dimen>
<dimen name="dp378">252dp</dimen>
<dimen name="dp379">253dp</dimen>
<dimen name="dp380">253dp</dimen>
<dimen name="dp381">254dp</dimen>
<dimen name="dp382">255dp</dimen>
<dimen name="dp383">255dp</dimen>
<dimen name="dp384">256dp</dimen>
<dimen name="dp385">257dp</dimen>
<dimen name="dp386">257dp</dimen>
<dimen name="dp387">258dp</dimen>
<dimen name="dp388">259dp</dimen>
<dimen name="dp389">259dp</dimen>
<dimen name="dp390">260dp</dimen>
<dimen name="dp391">261dp</dimen>
<dimen name="dp392">261dp</dimen>
<dimen name="dp393">262dp</dimen>
<dimen name="dp394">263dp</dimen>
<dimen name="dp395">263dp</dimen>
<dimen name="dp396">264dp</dimen>
<dimen name="dp397">265dp</dimen>
<dimen name="dp398">265dp</dimen>
<dimen name="dp399">266dp</dimen>
<dimen name="dp400">267dp</dimen>
<dimen name="dp401">267dp</dimen>
<dimen name="dp402">268dp</dimen>
<dimen name="dp403">269dp</dimen>
<dimen name="dp404">269dp</dimen>
<dimen name="dp405">270dp</dimen>
<dimen name="dp406">271dp</dimen>
<dimen name="dp407">271dp</dimen>
<dimen name="dp408">272dp</dimen>
<dimen name="dp409">273dp</dimen>
<dimen name="dp410">273dp</dimen>
<dimen name="dp411">274dp</dimen>
<dimen name="dp412">275dp</dimen>
<dimen name="dp413">275dp</dimen>
<dimen name="dp414">276dp</dimen>
<dimen name="dp415">277dp</dimen>
<dimen name="dp416">277dp</dimen>
<dimen name="dp417">278dp</dimen>
<dimen name="dp418">279dp</dimen>
<dimen name="dp419">279dp</dimen>
<dimen name="dp420">280dp</dimen>
<dimen name="dp421">281dp</dimen>
<dimen name="dp422">281dp</dimen>
<dimen name="dp423">282dp</dimen>
<dimen name="dp424">283dp</dimen>
<dimen name="dp425">283dp</dimen>
<dimen name="dp426">284dp</dimen>
<dimen name="dp427">285dp</dimen>
<dimen name="dp428">285dp</dimen>
<dimen name="dp429">286dp</dimen>
<dimen name="dp430">287dp</dimen>
<dimen name="dp431">287dp</dimen>
<dimen name="dp432">288dp</dimen>
<dimen name="dp433">289dp</dimen>
<dimen name="dp434">289dp</dimen>
<dimen name="dp435">290dp</dimen>
<dimen name="dp436">291dp</dimen>
<dimen name="dp437">291dp</dimen>
<dimen name="dp438">292dp</dimen>
<dimen name="dp439">293dp</dimen>
<dimen name="dp440">293dp</dimen>
<dimen name="dp441">294dp</dimen>
<dimen name="dp442">295dp</dimen>
<dimen name="dp443">295dp</dimen>
<dimen name="dp444">296dp</dimen>
<dimen name="dp445">297dp</dimen>
<dimen name="dp446">297dp</dimen>
<dimen name="dp447">298dp</dimen>
<dimen name="dp448">299dp</dimen>
<dimen name="dp449">299dp</dimen>
<dimen name="dp450">300dp</dimen>
<dimen name="dp451">301dp</dimen>
<dimen name="dp452">301dp</dimen>
<dimen name="dp453">302dp</dimen>
<dimen name="dp454">303dp</dimen>
<dimen name="dp455">303dp</dimen>
<dimen name="dp456">304dp</dimen>
<dimen name="dp457">305dp</dimen>
<dimen name="dp458">305dp</dimen>
<dimen name="dp459">306dp</dimen>
<dimen name="dp460">307dp</dimen>
<dimen name="dp461">307dp</dimen>
<dimen name="dp462">308dp</dimen>
<dimen name="dp463">309dp</dimen>
<dimen name="dp464">309dp</dimen>
<dimen name="dp465">310dp</dimen>
<dimen name="dp466">311dp</dimen>
<dimen name="dp467">311dp</dimen>
<dimen name="dp468">312dp</dimen>
<dimen name="dp469">313dp</dimen>
<dimen name="dp470">313dp</dimen>
<dimen name="dp471">314dp</dimen>
<dimen name="dp472">315dp</dimen>
<dimen name="dp473">315dp</dimen>
<dimen name="dp474">316dp</dimen>
<dimen name="dp475">317dp</dimen>
<dimen name="dp476">317dp</dimen>
<dimen name="dp477">318dp</dimen>
<dimen name="dp478">319dp</dimen>
<dimen name="dp479">319dp</dimen>
<dimen name="dp480">320dp</dimen>
<dimen name="dp481">321dp</dimen>
<dimen name="dp482">321dp</dimen>
<dimen name="dp483">322dp</dimen>
<dimen name="dp484">323dp</dimen>
<dimen name="dp485">323dp</dimen>
<dimen name="dp486">324dp</dimen>
<dimen name="dp487">325dp</dimen>
<dimen name="dp488">325dp</dimen>
<dimen name="dp489">326dp</dimen>
<dimen name="dp490">327dp</dimen>
<dimen name="dp491">327dp</dimen>
<dimen name="dp492">328dp</dimen>
<dimen name="dp493">329dp</dimen>
<dimen name="dp494">329dp</dimen>
<dimen name="dp495">330dp</dimen>
<dimen name="dp496">331dp</dimen>
<dimen name="dp497">331dp</dimen>
<dimen name="dp498">332dp</dimen>
<dimen name="dp499">333dp</dimen>
<dimen name="dp500">333dp</dimen>
<dimen name="dp501">334dp</dimen>
<dimen name="dp502">335dp</dimen>
<dimen name="dp503">335dp</dimen>
<dimen name="dp504">336dp</dimen>
<dimen name="dp505">337dp</dimen>
<dimen name="dp506">337dp</dimen>
<dimen name="dp507">338dp</dimen>
<dimen name="dp508">339dp</dimen>
<dimen name="dp509">339dp</dimen>
<dimen name="dp510">340dp</dimen>
<dimen name="dp511">341dp</dimen>
<dimen name="dp512">341dp</dimen>
<dimen name="dp513">342dp</dimen>
<dimen name="dp514">343dp</dimen>
<dimen name="dp515">343dp</dimen>
<dimen name="dp516">344dp</dimen>
<dimen name="dp517">345dp</dimen>
<dimen name="dp518">345dp</dimen>
<dimen name="dp519">346dp</dimen>
<dimen name="dp520">347dp</dimen>
<dimen name="dp521">347dp</dimen>
<dimen name="dp522">348dp</dimen>
<dimen name="dp523">349dp</dimen>
<dimen name="dp524">349dp</dimen>
<dimen name="dp525">350dp</dimen>
<dimen name="dp526">351dp</dimen>
<dimen name="dp527">351dp</dimen>
<dimen name="dp528">352dp</dimen>
<dimen name="dp529">353dp</dimen>
<dimen name="dp530">353dp</dimen>
<dimen name="dp531">354dp</dimen>
<dimen name="dp532">355dp</dimen>
<dimen name="dp533">355dp</dimen>
<dimen name="dp534">356dp</dimen>
<dimen name="dp535">357dp</dimen>
<dimen name="dp536">357dp</dimen>
<dimen name="dp537">358dp</dimen>
<dimen name="dp538">359dp</dimen>
<dimen name="dp539">359dp</dimen>
<dimen name="dp540">360dp</dimen>
<dimen name="dp541">361dp</dimen>
<dimen name="dp542">361dp</dimen>
<dimen name="dp543">362dp</dimen>
<dimen name="dp544">363dp</dimen>
<dimen name="dp545">363dp</dimen>
<dimen name="dp546">364dp</dimen>
<dimen name="dp547">365dp</dimen>
<dimen name="dp548">365dp</dimen>
<dimen name="dp549">366dp</dimen>
<dimen name="dp550">367dp</dimen>
<dimen name="dp551">367dp</dimen>
<dimen name="dp552">368dp</dimen>
<dimen name="dp553">369dp</dimen>
<dimen name="dp554">369dp</dimen>
<dimen name="dp555">370dp</dimen>
<dimen name="dp556">371dp</dimen>
<dimen name="dp557">371dp</dimen>
<dimen name="dp558">372dp</dimen>
<dimen name="dp559">373dp</dimen>
<dimen name="dp560">373dp</dimen>
<dimen name="dp561">374dp</dimen>
<dimen name="dp562">375dp</dimen>
<dimen name="dp563">375dp</dimen>
<dimen name="dp564">376dp</dimen>
<dimen name="dp565">377dp</dimen>
<dimen name="dp566">377dp</dimen>
<dimen name="dp567">378dp</dimen>
<dimen name="dp568">379dp</dimen>
<dimen name="dp569">379dp</dimen>
<dimen name="dp570">380dp</dimen>
<dimen name="dp571">381dp</dimen>
<dimen name="dp572">381dp</dimen>
<dimen name="dp573">382dp</dimen>
<dimen name="dp574">383dp</dimen>
<dimen name="dp575">383dp</dimen>
<dimen name="dp576">384dp</dimen>
<dimen name="dp577">385dp</dimen>
<dimen name="dp578">385dp</dimen>
<dimen name="dp579">386dp</dimen>
<dimen name="dp580">387dp</dimen>
<dimen name="dp581">387dp</dimen>
<dimen name="dp582">388dp</dimen>
<dimen name="dp583">389dp</dimen>
<dimen name="dp584">389dp</dimen>
<dimen name="dp585">390dp</dimen>
<dimen name="dp586">391dp</dimen>
<dimen name="dp587">391dp</dimen>
<dimen name="dp588">392dp</dimen>
<dimen name="dp589">393dp</dimen>
<dimen name="dp590">393dp</dimen>
<dimen name="dp591">394dp</dimen>
<dimen name="dp592">395dp</dimen>
<dimen name="dp593">395dp</dimen>
<dimen name="dp594">396dp</dimen>
<dimen name="dp595">397dp</dimen>
<dimen name="dp596">397dp</dimen>
<dimen name="dp597">398dp</dimen>
<dimen name="dp598">399dp</dimen>
<dimen name="dp599">399dp</dimen>
<dimen name="dp600">400dp</dimen>
<dimen name="dp601">401dp</dimen>
<dimen name="dp602">401dp</dimen>
<dimen name="dp603">402dp</dimen>
<dimen name="dp604">403dp</dimen>
<dimen name="dp605">403dp</dimen>
<dimen name="dp606">404dp</dimen>
<dimen name="dp607">405dp</dimen>
<dimen name="dp608">405dp</dimen>
<dimen name="dp609">406dp</dimen>
<dimen name="dp610">407dp</dimen>
<dimen name="dp611">407dp</dimen>
<dimen name="dp612">408dp</dimen>
<dimen name="dp613">409dp</dimen>
<dimen name="dp614">409dp</dimen>
<dimen name="dp615">410dp</dimen>
<dimen name="dp616">411dp</dimen>
<dimen name="dp617">411dp</dimen>
<dimen name="dp618">412dp</dimen>
<dimen name="dp619">413dp</dimen>
<dimen name="dp620">413dp</dimen>
<dimen name="dp621">414dp</dimen>
<dimen name="dp622">415dp</dimen>
<dimen name="dp623">415dp</dimen>
<dimen name="dp624">416dp</dimen>
<dimen name="dp625">417dp</dimen>
<dimen name="dp626">417dp</dimen>
<dimen name="dp627">418dp</dimen>
<dimen name="dp628">419dp</dimen>
<dimen name="dp629">419dp</dimen>
<dimen name="dp630">420dp</dimen>
<dimen name="dp631">421dp</dimen>
<dimen name="dp632">421dp</dimen>
<dimen name="dp633">422dp</dimen>
<dimen name="dp634">423dp</dimen>
<dimen name="dp635">423dp</dimen>
<dimen name="dp636">424dp</dimen>
<dimen name="dp637">425dp</dimen>
<dimen name="dp638">425dp</dimen>
<dimen name="dp639">426dp</dimen>
<dimen name="dp640">427dp</dimen>
<dimen name="dp641">427dp</dimen>
<dimen name="dp642">428dp</dimen>
<dimen name="dp643">429dp</dimen>
<dimen name="dp644">429dp</dimen>
<dimen name="dp645">430dp</dimen>
<dimen name="dp646">431dp</dimen>
<dimen name="dp647">431dp</dimen>
<dimen name="dp648">432dp</dimen>
<dimen name="dp649">433dp</dimen>
<dimen name="dp650">433dp</dimen>
<dimen name="dp651">434dp</dimen>
<dimen name="dp652">435dp</dimen>
<dimen name="dp653">435dp</dimen>
<dimen name="dp654">436dp</dimen>
<dimen name="dp655">437dp</dimen>
<dimen name="dp656">437dp</dimen>
<dimen name="dp657">438dp</dimen>
<dimen name="dp658">439dp</dimen>
<dimen name="dp659">439dp</dimen>
<dimen name="dp660">440dp</dimen>
<dimen name="dp661">441dp</dimen>
<dimen name="dp662">441dp</dimen>
<dimen name="dp663">442dp</dimen>
<dimen name="dp664">443dp</dimen>
<dimen name="dp665">443dp</dimen>
<dimen name="dp666">444dp</dimen>
<dimen name="dp667">445dp</dimen>
<dimen name="dp668">445dp</dimen>
<dimen name="dp669">446dp</dimen>
<dimen name="dp670">447dp</dimen>
<dimen name="dp671">447dp</dimen>
<dimen name="dp672">448dp</dimen>
<dimen name="dp673">449dp</dimen>
<dimen name="dp674">449dp</dimen>
<dimen name="dp675">450dp</dimen>
<dimen name="dp676">451dp</dimen>
<dimen name="dp677">451dp</dimen>
<dimen name="dp678">452dp</dimen>
<dimen name="dp679">453dp</dimen>
<dimen name="dp680">453dp</dimen>
<dimen name="dp681">454dp</dimen>
<dimen name="dp682">455dp</dimen>
<dimen name="dp683">455dp</dimen>
<dimen name="dp684">456dp</dimen>
<dimen name="dp685">457dp</dimen>
<dimen name="dp686">457dp</dimen>
<dimen name="dp687">458dp</dimen>
<dimen name="dp688">459dp</dimen>
<dimen name="dp689">459dp</dimen>
<dimen name="dp690">460dp</dimen>
<dimen name="dp691">461dp</dimen>
<dimen name="dp692">461dp</dimen>
<dimen name="dp693">462dp</dimen>
<dimen name="dp694">463dp</dimen>
<dimen name="dp695">463dp</dimen>
<dimen name="dp696">464dp</dimen>
<dimen name="dp697">465dp</dimen>
<dimen name="dp698">465dp</dimen>
<dimen name="dp699">466dp</dimen>
<dimen name="dp700">467dp</dimen>
<dimen name="dp701">467dp</dimen>
<dimen name="dp702">468dp</dimen>
<dimen name="dp703">469dp</dimen>
<dimen name="dp704">469dp</dimen>
<dimen name="dp705">470dp</dimen>
<dimen name="dp706">471dp</dimen>
<dimen name="dp707">471dp</dimen>
<dimen name="dp708">472dp</dimen>
<dimen name="dp709">473dp</dimen>
<dimen name="dp710">473dp</dimen>
<dimen name="dp711">474dp</dimen>
<dimen name="dp712">475dp</dimen>
<dimen name="dp713">475dp</dimen>
<dimen name="dp714">476dp</dimen>
<dimen name="dp715">477dp</dimen>
<dimen name="dp716">477dp</dimen>
<dimen name="dp717">478dp</dimen>
<dimen name="dp718">479dp</dimen>
<dimen name="dp719">479dp</dimen>
<dimen name="dp720">480dp</dimen>
<dimen name="dp721">481dp</dimen>
<dimen name="dp722">481dp</dimen>
<dimen name="dp723">482dp</dimen>
<dimen name="dp724">483dp</dimen>
<dimen name="dp725">483dp</dimen>
<dimen name="dp726">484dp</dimen>
<dimen name="dp727">485dp</dimen>
<dimen name="dp728">485dp</dimen>
<dimen name="dp729">486dp</dimen>
<dimen name="dp730">487dp</dimen>
<dimen name="dp731">487dp</dimen>
<dimen name="dp732">488dp</dimen>
<dimen name="dp733">489dp</dimen>
<dimen name="dp734">489dp</dimen>
<dimen name="dp735">490dp</dimen>
<dimen name="dp736">491dp</dimen>
<dimen name="dp737">491dp</dimen>
<dimen name="dp738">492dp</dimen>
<dimen name="dp739">493dp</dimen>
<dimen name="dp740">493dp</dimen>
<dimen name="dp741">494dp</dimen>
<dimen name="dp742">495dp</dimen>
<dimen name="dp743">495dp</dimen>
<dimen name="dp744">496dp</dimen>
<dimen name="dp745">497dp</dimen>
<dimen name="dp746">497dp</dimen>
<dimen name="dp747">498dp</dimen>
<dimen name="dp748">499dp</dimen>
<dimen name="dp749">499dp</dimen>
<dimen name="dp750">500dp</dimen>
<dimen name="dp751">501dp</dimen>
<dimen name="dp752">501dp</dimen>
<dimen name="dp753">502dp</dimen>
<dimen name="dp754">503dp</dimen>
<dimen name="dp755">503dp</dimen>
<dimen name="dp756">504dp</dimen>
<dimen name="dp757">505dp</dimen>
<dimen name="dp758">505dp</dimen>
<dimen name="dp759">506dp</dimen>
<dimen name="dp760">507dp</dimen>
<dimen name="dp761">507dp</dimen>
<dimen name="dp762">508dp</dimen>
<dimen name="dp763">509dp</dimen>
<dimen name="dp764">509dp</dimen>
<dimen name="dp765">510dp</dimen>
<dimen name="dp766">511dp</dimen>
<dimen name="dp767">511dp</dimen>
<dimen name="dp768">512dp</dimen>
<dimen name="dp769">513dp</dimen>
<dimen name="dp770">513dp</dimen>
<dimen name="dp771">514dp</dimen>
<dimen name="dp772">515dp</dimen>
<dimen name="dp773">515dp</dimen>
<dimen name="dp774">516dp</dimen>
<dimen name="dp775">517dp</dimen>
<dimen name="dp776">517dp</dimen>
<dimen name="dp777">518dp</dimen>
<dimen name="dp778">519dp</dimen>
<dimen name="dp779">519dp</dimen>
<dimen name="dp780">520dp</dimen>
<dimen name="dp781">521dp</dimen>
<dimen name="dp782">521dp</dimen>
<dimen name="dp783">522dp</dimen>
<dimen name="dp784">523dp</dimen>
<dimen name="dp785">523dp</dimen>
<dimen name="dp786">524dp</dimen>
<dimen name="dp787">525dp</dimen>
<dimen name="dp788">525dp</dimen>
<dimen name="dp789">526dp</dimen>
<dimen name="dp790">527dp</dimen>
<dimen name="dp791">527dp</dimen>
<dimen name="dp792">528dp</dimen>
<dimen name="dp793">529dp</dimen>
<dimen name="dp794">529dp</dimen>
<dimen name="dp795">530dp</dimen>
<dimen name="dp796">531dp</dimen>
<dimen name="dp797">531dp</dimen>
<dimen name="dp798">532dp</dimen>
<dimen name="dp799">533dp</dimen>
<dimen name="dp800">533dp</dimen>
<dimen name="dp801">534dp</dimen>
<dimen name="dp802">535dp</dimen>
<dimen name="dp803">535dp</dimen>
<dimen name="dp804">536dp</dimen>
<dimen name="dp805">537dp</dimen>
<dimen name="dp806">537dp</dimen>
<dimen name="dp807">538dp</dimen>
<dimen name="dp808">539dp</dimen>
<dimen name="dp809">539dp</dimen>
<dimen name="dp810">540dp</dimen>
<dimen name="dp811">541dp</dimen>
<dimen name="dp812">541dp</dimen>
<dimen name="dp813">542dp</dimen>
<dimen name="dp814">543dp</dimen>
<dimen name="dp815">543dp</dimen>
<dimen name="dp816">544dp</dimen>
<dimen name="dp817">545dp</dimen>
<dimen name="dp818">545dp</dimen>
<dimen name="dp819">546dp</dimen>
<dimen name="dp820">547dp</dimen>
<dimen name="dp821">547dp</dimen>
<dimen name="dp822">548dp</dimen>
<dimen name="dp823">549dp</dimen>
<dimen name="dp824">549dp</dimen>
<dimen name="dp825">550dp</dimen>
<dimen name="dp826">551dp</dimen>
<dimen name="dp827">551dp</dimen>
<dimen name="dp828">552dp</dimen>
<dimen name="dp829">553dp</dimen>
<dimen name="dp830">553dp</dimen>
<dimen name="dp831">554dp</dimen>
<dimen name="dp832">555dp</dimen>
<dimen name="dp833">555dp</dimen>
<dimen name="dp834">556dp</dimen>
<dimen name="dp835">557dp</dimen>
<dimen name="dp836">557dp</dimen>
<dimen name="dp837">558dp</dimen>
<dimen name="dp838">559dp</dimen>
<dimen name="dp839">559dp</dimen>
<dimen name="dp840">560dp</dimen>
<dimen name="dp841">561dp</dimen>
<dimen name="dp842">561dp</dimen>
<dimen name="dp843">562dp</dimen>
<dimen name="dp844">563dp</dimen>
<dimen name="dp845">563dp</dimen>
<dimen name="dp846">564dp</dimen>
<dimen name="dp847">565dp</dimen>
<dimen name="dp848">565dp</dimen>
<dimen name="dp849">566dp</dimen>
<dimen name="dp850">567dp</dimen>
<dimen name="dp851">567dp</dimen>
<dimen name="dp852">568dp</dimen>
<dimen name="dp853">569dp</dimen>
<dimen name="dp854">569dp</dimen>
<dimen name="dp855">570dp</dimen>
<dimen name="dp856">571dp</dimen>
<dimen name="dp857">571dp</dimen>
<dimen name="dp858">572dp</dimen>
<dimen name="dp859">573dp</dimen>
<dimen name="dp860">573dp</dimen>
<dimen name="dp861">574dp</dimen>
<dimen name="dp862">575dp</dimen>
<dimen name="dp863">575dp</dimen>
<dimen name="dp864">576dp</dimen>
<dimen name="dp865">577dp</dimen>
<dimen name="dp866">577dp</dimen>
<dimen name="dp867">578dp</dimen>
<dimen name="dp868">579dp</dimen>
<dimen name="dp869">579dp</dimen>
<dimen name="dp870">580dp</dimen>
<dimen name="dp871">581dp</dimen>
<dimen name="dp872">581dp</dimen>
<dimen name="dp873">582dp</dimen>
<dimen name="dp874">583dp</dimen>
<dimen name="dp875">583dp</dimen>
<dimen name="dp876">584dp</dimen>
<dimen name="dp877">585dp</dimen>
<dimen name="dp878">585dp</dimen>
<dimen name="dp879">586dp</dimen>
<dimen name="dp880">587dp</dimen>
<dimen name="dp881">587dp</dimen>
<dimen name="dp882">588dp</dimen>
<dimen name="dp883">589dp</dimen>
<dimen name="dp884">589dp</dimen>
<dimen name="dp885">590dp</dimen>
<dimen name="dp886">591dp</dimen>
<dimen name="dp887">591dp</dimen>
<dimen name="dp888">592dp</dimen>
<dimen name="dp889">593dp</dimen>
<dimen name="dp890">593dp</dimen>
<dimen name="dp891">594dp</dimen>
<dimen name="dp892">595dp</dimen>
<dimen name="dp893">595dp</dimen>
<dimen name="dp894">596dp</dimen>
<dimen name="dp895">597dp</dimen>
<dimen name="dp896">597dp</dimen>
<dimen name="dp897">598dp</dimen>
<dimen name="dp898">599dp</dimen>
<dimen name="dp899">599dp</dimen>
<dimen name="dp900">600dp</dimen>
<dimen name="dp901">601dp</dimen>
<dimen name="dp902">601dp</dimen>
<dimen name="dp903">602dp</dimen>
<dimen name="dp904">603dp</dimen>
<dimen name="dp905">603dp</dimen>
<dimen name="dp906">604dp</dimen>
<dimen name="dp907">605dp</dimen>
<dimen name="dp908">605dp</dimen>
<dimen name="dp909">606dp</dimen>
<dimen name="dp910">607dp</dimen>
<dimen name="dp911">607dp</dimen>
<dimen name="dp912">608dp</dimen>
<dimen name="dp913">609dp</dimen>
<dimen name="dp914">609dp</dimen>
<dimen name="dp915">610dp</dimen>
<dimen name="dp916">611dp</dimen>
<dimen name="dp917">611dp</dimen>
<dimen name="dp918">612dp</dimen>
<dimen name="dp919">613dp</dimen>
<dimen name="dp920">613dp</dimen>
<dimen name="dp921">614dp</dimen>
<dimen name="dp922">615dp</dimen>
<dimen name="dp923">615dp</dimen>
<dimen name="dp924">616dp</dimen>
<dimen name="dp925">617dp</dimen>
<dimen name="dp926">617dp</dimen>
<dimen name="dp927">618dp</dimen>
<dimen name="dp928">619dp</dimen>
<dimen name="dp929">619dp</dimen>
<dimen name="dp930">620dp</dimen>
<dimen name="dp931">621dp</dimen>
<dimen name="dp932">621dp</dimen>
<dimen name="dp933">622dp</dimen>
<dimen name="dp934">623dp</dimen>
<dimen name="dp935">623dp</dimen>
<dimen name="dp936">624dp</dimen>
<dimen name="dp937">625dp</dimen>
<dimen name="dp938">625dp</dimen>
<dimen name="dp939">626dp</dimen>
<dimen name="dp940">627dp</dimen>
<dimen name="dp941">627dp</dimen>
<dimen name="dp942">628dp</dimen>
<dimen name="dp943">629dp</dimen>
<dimen name="dp944">629dp</dimen>
<dimen name="dp945">630dp</dimen>
<dimen name="dp946">631dp</dimen>
<dimen name="dp947">631dp</dimen>
<dimen name="dp948">632dp</dimen>
<dimen name="dp949">633dp</dimen>
<dimen name="dp950">633dp</dimen>
<dimen name="dp951">634dp</dimen>
<dimen name="dp952">635dp</dimen>
<dimen name="dp953">635dp</dimen>
<dimen name="dp954">636dp</dimen>
<dimen name="dp955">637dp</dimen>
<dimen name="dp956">637dp</dimen>
<dimen name="dp957">638dp</dimen>
<dimen name="dp958">639dp</dimen>
<dimen name="dp959">639dp</dimen>
<dimen name="dp960">640dp</dimen>
<dimen name="dp961">641dp</dimen>
<dimen name="dp962">641dp</dimen>
<dimen name="dp963">642dp</dimen>
<dimen name="dp964">643dp</dimen>
<dimen name="dp965">643dp</dimen>
<dimen name="dp966">644dp</dimen>
<dimen name="dp967">645dp</dimen>
<dimen name="dp968">645dp</dimen>
<dimen name="dp969">646dp</dimen>
<dimen name="dp970">647dp</dimen>
<dimen name="dp971">647dp</dimen>
<dimen name="dp972">648dp</dimen>
<dimen name="dp973">649dp</dimen>
<dimen name="dp974">649dp</dimen>
<dimen name="dp975">650dp</dimen>
<dimen name="dp976">651dp</dimen>
<dimen name="dp977">651dp</dimen>
<dimen name="dp978">652dp</dimen>
<dimen name="dp979">653dp</dimen>
<dimen name="dp980">653dp</dimen>
<dimen name="dp981">654dp</dimen>
<dimen name="dp982">655dp</dimen>
<dimen name="dp983">655dp</dimen>
<dimen name="dp984">656dp</dimen>
<dimen name="dp985">657dp</dimen>
<dimen name="dp986">657dp</dimen>
<dimen name="dp987">658dp</dimen>
<dimen name="dp988">659dp</dimen>
<dimen name="dp989">659dp</dimen>
<dimen name="dp990">660dp</dimen>
<dimen name="dp991">661dp</dimen>
<dimen name="dp992">661dp</dimen>
<dimen name="dp993">662dp</dimen>
<dimen name="dp994">663dp</dimen>
<dimen name="dp995">663dp</dimen>
<dimen name="dp996">664dp</dimen>
<dimen name="dp997">665dp</dimen>
<dimen name="dp998">665dp</dimen>
<dimen name="dp999">666dp</dimen>
<dimen name="dp1000">667dp</dimen>
<dimen name="sp1">1sp</dimen>
<dimen name="sp2">1sp</dimen>
<dimen name="sp3">2sp</dimen>
<dimen name="sp4">3sp</dimen>
<dimen name="sp5">3sp</dimen>
<dimen name="sp6">4sp</dimen>
<dimen name="sp7">5sp</dimen>
<dimen name="sp8">5sp</dimen>
<dimen name="sp9">6sp</dimen>
<dimen name="sp10">7sp</dimen>
<dimen name="sp11">7sp</dimen>
<dimen name="sp12">8sp</dimen>
<dimen name="sp13">9sp</dimen>
<dimen name="sp14">9sp</dimen>
<dimen name="sp15">10sp</dimen>
<dimen name="sp16">11sp</dimen>
<dimen name="sp17">11sp</dimen>
<dimen name="sp18">12sp</dimen>
<dimen name="sp19">13sp</dimen>
<dimen name="sp20">13sp</dimen>
<dimen name="sp21">14sp</dimen>
<dimen name="sp22">15sp</dimen>
<dimen name="sp23">15sp</dimen>
<dimen name="sp24">16sp</dimen>
<dimen name="sp25">17sp</dimen>
<dimen name="sp26">17sp</dimen>
<dimen name="sp27">18sp</dimen>
<dimen name="sp28">19sp</dimen>
<dimen name="sp29">19sp</dimen>
<dimen name="sp30">20sp</dimen>
<dimen name="sp31">21sp</dimen>
<dimen name="sp32">21sp</dimen>
<dimen name="sp33">22sp</dimen>
<dimen name="sp34">23sp</dimen>
<dimen name="sp35">23sp</dimen>
<dimen name="sp36">24sp</dimen>
<dimen name="sp37">25sp</dimen>
<dimen name="sp38">25sp</dimen>
<dimen name="sp39">26sp</dimen>
<dimen name="sp40">27sp</dimen>
<dimen name="sp41">27sp</dimen>
<dimen name="sp42">28sp</dimen>
<dimen name="sp43">29sp</dimen>
<dimen name="sp44">29sp</dimen>
<dimen name="sp45">30sp</dimen>
<dimen name="sp46">31sp</dimen>
<dimen name="sp47">31sp</dimen>
<dimen name="sp48">32sp</dimen>
<dimen name="sp49">33sp</dimen>
<dimen name="sp50">33sp</dimen>
<dimen name="dpneg25">-17dp</dimen>
<dimen name="dpneg24">-16dp</dimen>
<dimen name="dpneg23">-15dp</dimen>
<dimen name="dpneg22">-15dp</dimen>
<dimen name="dpneg21">-14dp</dimen>
<dimen name="dpneg20">-13dp</dimen>
<dimen name="dpneg19">-13dp</dimen>
<dimen name="dpneg18">-12dp</dimen>
<dimen name="dpneg17">-11dp</dimen>
<dimen name="dpneg16">-11dp</dimen>
<dimen name="dpneg15">-10dp</dimen>
<dimen name="dpneg14">-9dp</dimen>
<dimen name="dpneg13">-9dp</dimen>
<dimen name="dpneg12">-8dp</dimen>
<dimen name="dpneg11">-7dp</dimen>
<dimen name="dpneg10">-7dp</dimen>
<dimen name="dpneg9">-6dp</dimen>
<dimen name="dpneg8">-5dp</dimen>
<dimen name="dpneg7">-5dp</dimen>
<dimen name="dpneg6">-4dp</dimen>
<dimen name="dpneg5">-3dp</dimen>
<dimen name="dpneg4">-3dp</dimen>
<dimen name="dpneg3">-2dp</dimen>
<dimen name="dpneg2">-1dp</dimen>
<dimen name="dpneg1">-1dp</dimen>
</resources>
